username,unique_pins,wallet_address,created_at
"adacrow","101","0x91cb1ff4322559a5c5c67dba075ab081c255ba1f",""
"adjum","101","0xfc87adbc49931702544431f510163344fe9b57a2",""
"adoslav","101","0x90d9e2d3f846924102f7233b304338f47fa2b7dd",""
"aleksshpulin","101","",""
"alenaera","101","0x2212b160a8f2bac367cf03b8d07b2da9ffc39483",""
"alexugu","101","0x47afde22d6ca9ea3d49c07f398575ddd5304e338",""
"alucardas","101","0x2f32836d3a175a1841d64dd46f0715697ef8fb0c",""
"andreevnadasha","101","",""
"attikasu","101","0xf69b16aa5fdfa2142608932083830c4c49aa4de8",""
"aynomi","101","0xa30d8814f1e45f59343886d4c10428f3d523217d",""
"badogos.nft","101","0x9ad1089943b6fe90d930426f1d8db095321aa666",""
"bassline81","101","0x21ffe04829c65e6656b9c156c7dade4c41025c1c",""
"belovairina","101","",""
"bflo","101","",""
"booching","101","0x30e08ee6df646972f5fb1ece073a7aeb7b5091e7",""
"boombo","101","0x0fc4acb5ceb9f2c681bf4da557fc4040ea66aef1",""
"btdwayne","101","0xd341108b067cd308cf8cc7e13fb9982b0cba2f4e",""
"bunya","101","0x26dd4199269bec9457f84adb029db917a910c711",""
"cardarn97","101","0x2e6ef714225ae97647305fe6e3d23adebf95161f",""
"catriona","101","0x4bb2d016b90565612d81a7a4b1b80f49e652cf23",""
"cazsreyem","101","0xff1697cd18f03242ea521a80334a9060f0c25c7a",""
"charles","101","0x819fbb2d9880d23792fd9d1cde4c153bf9956344",""
"copeingmekenism","101","",""
"dadutch","101","0x1981e15dd25072d5159413b8a0508364f59d7ff9",""
"dankochen","101","0x20134c1447fda725e61891d22428e826f946502f",""
"darton","101","0x5b63b2e36f479a2092c98dbf43ae3de0450c98ed",""
"diman1687","101","0xadcfbc9c898ec737dda5bf6e580301d0afe37939",""
"dort","101","0x6527391e468312c62e4f10138ee422a92f996b54",""
"doxts","101","0xf4c6a0ef39756484b2ba8dcb81d476f02d270fe0",""
"dragomax","101","0x48126c48f9ea786e44e2da83de614f601abdac2f",""
"drfrankenvibes","101","0x3c0e5916b2f228eb237667f2ad895e0aaa7635a3",""
"duftendespiggu","101","",""
"elen","101","",""
"fugem","101","0x7d7370f3b18adec3ba99482a1ba02657725ac1db",""
"gabo","101","0x5fbfca19baf5a893bca81987cd1d27e76ad3e2bd",""
"gdog","101","0xa583f2737ffadb0efe9f07096b885fb850519e23",""
"generalfenn","101","0xe821aedd628d9e303043ca569ceafff13c4ea03c",""
"globitx","101","0xa0045e50d709cd90ad51890c921ff6520d94827c",""
"gnz0","101","0x0871e6872f0cdeb32eb013648a76575b4d2dba80",""
"gorbantolikk","101","0x1a103fcfb724093202914f6cf3d533643a3346c3",""
"greystonesben","101","0xc8788e47632167d8642e7d14d9ec056127a3a066",""
"hashi","101","0x0e34256ce6d85d04ff192e4bf9c40994ad901e30",""
"heylen","101","",""
"howdy","101","",""
"humanizer","101","0x07da53275190346f7e9b04254e412bba9c6d6b09",""
"iceon","101","0x5d1f4f1e99a9d0866be15d7300b9ac2970e232d4",""
"joafe82","101","0xd7fe95c58f8fcc7a762c7713653630e601f3b44f",""
"joker","101","0x0ffd13c11ffd3e4c6430f3b4671111fb67356815",""
"jordankallman","101","0x6f3e619ebb91007803fa258589ceeaf2be939881",""
"justd","101","0xa333b510ec313ea1f26b5d9b50793547ca73d99d",""
"karasik","101","0x34c734bf1c4efc47815fb9e11d8a63a3d6067a3a",""
"kitty","101","0x8ca13cb0f5aea7c86230e88e8713e87a96be7147",""
"laserguy","101","0x6ab1ac5c79193579ad7365b1f852c12ef45bd921",""
"luckmode","101","0x4c1d3fac2a55ec143326f59d497e3c465fdba932",""
"matheuscelen","101","",""
"matthieumdb","101","0x5c0beb90cba6d32118104e356fd7176089517003",""
"medvedev","101","0xf7c01b355e3e20806280d269851ba92c311fc25e",""
"megabars1k","101","0x24430ae18740eea33f2c605fac08847e787cb21a",""
"meowwww","101","",""
"miir","101","0x9a0f62b9a86187a03f4459d3130e9792eee8aeb9",""
"missyounowhere","101","0xf02245bd823da35aa3a5c661e9174dfbabc2fa3f",""
"molodec1","101","",""
"mrcookies","101","0xe6b221eb84084cbf557465cb8972ce2eaca59382",""
"mrmossel","101","0x47b27f983b32d179997505d31c3320bbd244256c",""
"neodallas","101","0xcd83c5970f8b92142ef6db1ccadac68f01df1c44",""
"nullstake","101","0xdce62b21a8b1a9b39dd3ded27c876d416cc91b3e",""
"nxd1n3","101","0x834144a4c726a049ae890d0c3fe0fe7b33ba2620",""
"onix","101","0x650665cfe3a4bf0fb2c56c62527ecd856c3d7a23",""
"onward","101","0xb758e98c2c99883353d2ab34c4d7c550e4871aa9",""
"panda","101","0xafcb27676fd4e2bf726587b1a40390c432f9d41d",""
"peenjee","101","0x48fc6aaf8f2df1aac292f7a699acfcb3be699164",""
"permaban","101","0x0db1a9333791099e4c9e4655ccc8e845afd1aec1",""
"problemfinder","101","0x6080bd348fda94d1c0a5db3fb180aa2830c06b23",""
"resistance","101","0xeef949100d8fece0889cbccf8768dd60388472d1",""
"risioja","101","0x5224b95d737b88b44d0e3f3949d2fa3cc2301d7f",""
"roybread","101","0x040ec8f6fb92e90709a2f82eeb7ef2354102b0aa",""
"ruslana","101","0x392d605197126219d5ad8dfce75af05c7d5be422",""
"sabinak","101","",""
"sakura","101","",""
"sknv1966","101","",""
"slayer","101","0xaf14e2c4470b52431850633d06e840e5d7c2e8a6",""
"soccermom","101","0x7237436c0b1975c2d44b0982d43572a2a7deaf40",""
"sousma91","101","0xdfe4879ea07d045eac99683278ddef4f4013ac32",""
"spiraleye","101","0x9d6a9c45f49431076f2493621463fba511c96d39",""
"ssv66","101","",""
"stuffkeithbuys","101","0x3273e60b1a68dad08362fd7fc60b9aa5c16de6ca",""
"sukoed","101","0xcc6a99b3cea642acc1907c9beb30195c3e85cc52",""
"swivaljaw","101","",""
"the9","101","0xb3bf33014e6a86e97ee9fff72fe784fd5c37f429",""
"themullet.eth","101","0x6c3d6d6038b40854b811b4dc8310c04aa68310c9",""
"tutsya","101","0xc3a6f32c13d1400ff5cdc5bffd07a29268b7ba3b",""
"tylersmom423","101","0xf76a07f67e1f6f9db8ebba3ee9acb6b8933f89f0",""
"valyaf","101","0x945be2fe235fea69498f04c25fe09c0181cbd4cd",""
"verm1k","101","0xbf4fa8c6a80c2afc8996475599db8fc23a0e961a",""
"vogters","101","0xc2ddda5ad919b349d39952356dd2a22b89bbdf0a",""
"wowg13698","101","0x0ed8ca2a16c27243c2a4f1180a921922e4b7f326",""
"www","101","0x18c279bbe4336a6bc7b2be50ffdc4eac1f51d742",""
"wyllt","101","0x94c47ed35fd041953352cd483b66ad1dba05e31f",""
"yelena","101","0x82979f5db04a6a9daacfbf1dd513f792b7872095",""
"yofia","101","0x9891b4d3ee1eaf727037fdf40713bd867aec3c56",""