rank,username,score,wallet_address,created_at
"1","sukoed","340200","0xcc6a99b3cea642acc1907c9beb30195c3e85cc52",""
"2","boombo","325125","0x0fc4acb5ceb9f2c681bf4da557fc4040ea66aef1",""
"3","moonrelium","299262","0x0fbec24786881a66b345f8c30ae9420de84d6315",""
"4","frosthaven","295461","0x28a1f4819a7e517d48f0c1b3fea79f5c89702f9d",""
"5","ashenmoor","293587","",""
"6","sofa4813","286400","0x18c2db663ba37e059bea631d4bc6e9c0c3adb8fa",""
"7","klopi","283312","",""
"8","gamblorik","281937","0xa0fc072f5f7855b7ca418c03863d955649892610",""
"9","velorian","279500","",""
"10","peenjee","274462","0x48fc6aaf8f2df1aac292f7a699acfcb3be699164",""
"11","laserguy","274112","0x6ab1ac5c79193579ad7365b1f852c12ef45bd921",""
"12","valyakokas","270874","",""
"13","pinstripedgator","270200","0x77039399801f462b4ed13444a266b16355c471bf",""
"14","papich","266800","",""
"15","kukuxaedet","260937","",""
"16","peternovakxx","257125","0x40e620e996e5f87690c72767975e321647aa6f73",""
"17","hellmyname","255500","",""
"18","highway2hell","252187","",""
"19","catriona","251650","0x4bb2d016b90565612d81a7a4b1b80f49e652cf23",""
"20","veronicamonacry","247387","0x5f00955b3c03f2bcdb3ea0a8ee678d55abede9aa",""
"21","buffet","246675","0x9c81235b2fda4687e0159b19f56e835712ab0a8a",""
"22","sakura","244662","",""
"23","verm1k","244187","0xbf4fa8c6a80c2afc8996475599db8fc23a0e961a",""
"24","vibetoshi","242525","0xf42bea3d14951a476a7c58ca38524c408142c269",""
"25","badogos.nft","237000","0x9ad1089943b6fe90d930426f1d8db095321aa666",""
"26","orinthal","235875","",""
"27","veroscryptos","235699","0xd0fd6dbadb056e2c17f8e36c503f7ab006fab0bb",""
"28","karasik","233362","0x34c734bf1c4efc47815fb9e11d8a63a3d6067a3a",""
"29","dofa","232762","0xfed437c5b9642f69890dd4659d2e834251492d95",""
"30","innappva","231699","0x399fcb7ec85ae1649cfa33bd2593ce29c255524f",""
"31","rivenhart","231200","",""
"32","jjjj","231175","0xbec0d5ea672ef172aaff3ccfdfbebed1d22cc8a8",""
"33","cazsreyem","230450","0xff1697cd18f03242ea521a80334a9060f0c25c7a",""
"34","mamakowka","230412","",""
"35","popkatbtc","229387","",""
"36","nicolemerraf","228799","0x401e16f10843531628ccac1a08a0f47097e41cf4",""
"37","masterkopium","227275","",""
"38","vdovinda","226862","0x8c57d1fab10d4b78f49ef5c6abaeb76a63710f61",""
"39","andark","226725","0xc517856d2f24fa9c4418df8946e2a1ad87ea5208",""
"40","roybread","226350","0x040ec8f6fb92e90709a2f82eeb7ef2354102b0aa",""
"41","tavrion","226012","",""
"42","dmcoach","225387","0x35dba6048d9157ca8205e36d13b7deb6e4fa7547",""
"43","sylvarith","223486","",""
"44","pusiak","221925","",""
"45","thornelith","221387","",""
"46","lunavexis","218937","",""
"47","aurelstone","217937","",""
"48","celvarion","217825","",""
"49","evilarthas","217362","",""
"50","fancyboy","215062","",""
"51","joafe82","214574","0xd7fe95c58f8fcc7a762c7713653630e601f3b44f",""
"52","minarapall","214250","",""
"53","eldravor","214162","",""
"54","zerathion","213662","",""
"55","aethervand","210674","",""
"56","valeriiaaa","209762","0x0154fd4eadc98806a5cf6009e953eb3359d6017e",""
"57","loki","209575","0x2487e611ff876c101dd2b31758102953f4760af5",""
"58","jordankallman","208725","0x6f3e619ebb91007803fa258589ceeaf2be939881",""
"59","denbonnsa","208612","0x1b4ddb1b4416d35d4910c8f7443042bc5c657ea2",""
"60","greystonesben","207250","0xc8788e47632167d8642e7d14d9ec056127a3a066",""
"61","movki","207237","0xa6da0698779c9ce5a3c468b3406b6cbe2c472b8b",""
"62","adjum","206462","0xfc87adbc49931702544431f510163344fe9b57a2",""
"63","diman1687","205412","0xadcfbc9c898ec737dda5bf6e580301d0afe37939",""
"64","themullet.eth","205162","0x6c3d6d6038b40854b811b4dc8310c04aa68310c9",""
"65","vanthelios","204750","",""
"66","gnz0","203549","0x0871e6872f0cdeb32eb013648a76575b4d2dba80",""
"67","gorbantolikk","203524","0x1a103fcfb724093202914f6cf3d533643a3346c3",""
"68","pankord1","202625","",""
"69","georgstov","201973","0x20f2c72cdb102cb53eb36eed056b97d3fd916931",""
"70","aleksshpulin","201125","",""
"71","matthieumdb","200949","0x5c0beb90cba6d32118104e356fd7176089517003",""
"72","onward","200850","0xb758e98c2c99883353d2ab34c4d7c550e4871aa9",""
"73","vogters","199437","",""
"74","alucardas","198962","0x2f32836d3a175a1841d64dd46f0715697ef8fb0c",""
"75","wyllt","198862","0x94c47ed35fd041953352cd483b66ad1dba05e31f",""
"76","swivaljaw","198812","",""
"77","luckmode","197850","",""
"78","andreevnadasha","196875","",""
"79","morrowfall","196687","",""
"80","aynomi","196100","0xa30d8814f1e45f59343886d4c10428f3d523217d",""
"81","velmorith","195450","",""
"82","la0nchain","195150","0x5259daf51a4311637216ece9c005e6f551114a4b",""
"83","nlogard","194075","0xe47db850e78c96f3778ab26cc5ed056a361a655c",""
"84","evadarmosa","193237","0x949be0930da4091a5d3422f38b2b1090ad77964d",""
"85","duskalor","192900","",""
"86","kitty","191925","",""
"87","jpaysz","191624","",""
"88","gdog","191362","0xa583f2737ffadb0efe9f07096b885fb850519e23",""
"89","cryptobanters3","191349","",""
"90","bunya","190799","0x26dd4199269bec9457f84adb029db917a910c711",""
"91","kanuk32","190775","0xcdb3e12cf713ea74b9b01b540acf2dc49355de8e",""
"92","brimvalen","189975","",""
"93","valercic","189637","0xd73ae3d6af06234a91a9c3868139f40a3fcd20b7",""
"94","wave115","188725","",""
"95","gadzho","188700","0xc6918741471a278ab93fbde809bfcf30aa1b11f6",""
"96","nightwarden","188137","",""
"97","btdwayne","186000","0xd341108b067cd308cf8cc7e13fb9982b0cba2f4e",""
"98","kairaveth","185625","",""
"99","ravenmirth","185275","",""
"100","rringo","184674","",""
"101","ruslana","183999","0x392d605197126219d5ad8dfce75af05c7d5be422",""
"102","broncinbuck","183375","0x7e36c0afa568c014a3c0d88a8cb0b83219a3a13a",""
"103","neumann","181975","",""
"104","drakemire","180750","0x1b171bd88a933f51174c1e25d815cff82bb4ce0c",""
"105","typester","180625","0xf85e10a15fcc0b7cb5e36a2f8237b9d121121bc2",""
"106","rebuz","180175","0x373b937836c2dfc048cf8484f0465e6f37aa8efd",""
"107","attikasu","179537","0xf69b16aa5fdfa2142608932083830c4c49aa4de8",""
"108","sergborovon","179150","0xc0c9169f5a726fcfa12dfe953c22dc7801c554ef",""
"109","sabinak","178725","",""
"110","drfrankenvibes","178574","0x3c0e5916b2f228eb237667f2ad895e0aaa7635a3",""
"111","iceon","178325","0x5d1f4f1e99a9d0866be15d7300b9ac2970e232d4",""
"112","bassline81","177224","0x21ffe04829c65e6656b9c156c7dade4c41025c1c",""
"113","calyndor","176700","",""
"114","DIEGO","175950","0xc7d98e9479fd6e3e00490b0b2e1ac7a877421631",""
"115","duemers","175175","0x7e8dec1092f7fac6ad0803568505f59ba658dc94",""
"116","chrissi905","175050","",""
"117","hollowmere","174812","0xf58d4f48b2f23517c089f988f8e1c2229a27ec26",""
"118","christinashakhtar","173925","0xf753bc02be9397ff880066f97abc163f43e4cc9a",""
"119","zdunsky","173749","0xd4193a41aab069d4facffac8ebb8a5a1f45b64c3",""
"120","booching","172412","0x30e08ee6df646972f5fb1ece073a7aeb7b5091e7",""
"121","onix","171700","0x650665cfe3a4bf0fb2c56c62527ecd856c3d7a23",""
"122","mrmossel","170862","0x47b27f983b32d179997505d31c3320bbd244256c",""
"123","shpek","169575","",""
"124","exp104er","169412","",""
"125","thew","169400","",""
"126","belovairina","168387","",""
"127","olyly","167925","",""
"128","mrcookies","166587","0xe6b221eb84084cbf557465cb8972ce2eaca59382",""
"129","Crystavern","166548","0x467316fb865ccc3a1b3973851aa3bc017d25306e",""
"130","m0therhack3r","166175","",""
"131","petroart","165862","0xa979a2f41728e61e86e7787b9836068281932b73",""
"132","nocterion","165475","",""
"133","globitx","165100","0xa0045e50d709cd90ad51890c921ff6520d94827c",""
"134","aigo","164812","0xd0c720a934da8164d841a51ffec4c716355ae4ee",""
"135","gothsa","164450","0x661d9f3d1ccd4a6602a54292f789f4c71721f66f",""
"136","dadutch","162975","",""
"137","panda","162575","0xafcb27676fd4e2bf726587b1a40390c432f9d41d",""
"138","fugem","162512","0x7d7370f3b18adec3ba99482a1ba02657725ac1db",""
"139","slayer","161725","0xaf14e2c4470b52431850633d06e840e5d7c2e8a6",""
"140","howdy","161237","",""
"141","www","161175","0x18c279bbe4336a6bc7b2be50ffdc4eac1f51d742",""
"142","otan4841","161125","0x0687d1d724d5439ee2455323a3b3eaa4af11176c",""
"143","medvedev","161075","0xf7c01b355e3e20806280d269851ba92c311fc25e",""
"144","sisko","160674","",""
"145","matheuscelen","160412","",""
"146","teacher96","160237","0x33d5e26b65b9edb23958afd5f076c75316d31bdb",""
"147","cardarn97","160125","0x2e6ef714225ae97647305fe6e3d23adebf95161f",""
"148","ezybrezy","159712","0xde5054899e767c3f3ff362f94da545642ba03f3c",""
"149","molodec1","159150","",""
"150","permaban","158500","0x0db1a9333791099e4c9e4655ccc8e845afd1aec1",""
"151","humanizer","158150","0x07da53275190346f7e9b04254e412bba9c6d6b09",""
"152","resistance","156300","0xeef949100d8fece0889cbccf8768dd60388472d1",""
"153","yelena","155925","0x82979f5db04a6a9daacfbf1dd513f792b7872095",""
"154","dotten","154812","0xf4b635a578f34b0f4d22ec7923e1a9f15a964e1b",""
"155","ugo","154475","",""
"156","justd","154387","0xa333b510ec313ea1f26b5d9b50793547ca73d99d",""
"157","specialseeker2k","154150","0x7e6492a3b59acebe5403fdb967185db3f074500b",""
"158","roman","153950","0x3a06056277c4498c11793ad0c49dea849ea2068e",""
"159","itsarmana","152925","",""
"160","adoslav","152637","0x90d9e2d3f846924102f7233b304338f47fa2b7dd",""
"161","bomefer600","152325","0x4c38a90b0546ad041df898b20e64d95be8cf0547",""
"162","andrei46","151850","",""
"163","nertonkey","150775","",""
"164","sceniczero","150562","",""
"165","timvow","150474","0xd65222e7fbde1b30d77dc2b55595c0657c58b4a5",""
"166","terriblart","150462","0x51f620cea90d817a4e4def15f1c96f5083486a34",""
"167","elen","150074","",""
"168","jed","149850","0xd566e6273043f7d60e616a701ebb0ad6816f1957",""
"169","emerge400","149599","0xf74aca4636bfca54d65ba526966ed8924da708f9",""
"170","velocity9i","149587","0x1a81229f1d279b13023bd74526facc5f9fb1b854",""
"171","alex","149475","",""
"172","cryptobat5814","149400","0x914c13c8fbac8ffce88bda82d1f7eda70cd8f868",""
"173","darton","148325","0x5b63b2e36f479a2092c98dbf43ae3de0450c98ed",""
"174","digikelly","148012","0x53358572a2dabea7b51d27535c67eae7d8c40bb5",""
"175","mrshossette","147712","0x6d09045afc3c38b225fa558fae46d71e58780876",""
"176","endy1557","147637","0xc517856d2f24fa9c4418df8946e2a1ad87ea5208",""
"177","heylen","147562","",""
"178","1den4ik1","147525","0x59cad9596dc8dc6b6dd2c7b44a31cd4d752d006c",""
"179","specialk2k","147275","",""
"180","barron","147062","0x3fe159385b8028ab917bb9668240a388cf770639",""
"181","semag","147025","0x6a1409fe3a4a9ec17552db96d2b82c2d21bda86a",""
"182","the9","146925","",""
"183","hashi","146775","0x0e34256ce6d85d04ff192e4bf9c40994ad901e30",""
"184","economist","146737","0xac1e7beae9fcf9b4f294cd534cd0b1ae1ef44793",""
"185","charles","145587","0x819fbb2d9880d23792fd9d1cde4c153bf9956344",""
"186","reef","144550","0x3dd258caf1e6123654acf2922521e04032d31c25",""
"187","thepeengwin","144524","0x2ccff304ef578b238ee82e1d1d53c34e80b48ad6",""
"188","panda___","144337","",""
"189","muzyka","144300","0x7413bdc9bab3cc2713de1f7e74341e613d0e0564",""
"190","mudryy","144062","0x5c43f4b22e329dc6f3ea347c34953e924576c056",""
"191","wowg13698","143825","0x0ed8ca2a16c27243c2a4f1180a921922e4b7f326",""
"192","doxts","143825","0xf4c6a0ef39756484b2ba8dcb81d476f02d270fe0",""
"193","tom","143549","0x23ae79881ca5d3c06422bb42e496f14c801060c1",""
"194","mrp","143350","0xdbdb4465314cdf3f92417e2c9af78b4d64062f00",""
"195","oxy","142587","0x70a39f36daa7fc7ede1c43c1c5e5ac2b8eae5c66",""
"196","daywest","142112","0xb2d7715bd39968bf1964ddc4f197aa0ba99b4c58",""
"197","vibemaster","141937","0x3a04ed4c0078ad6fc264d651521b83d2460307fb",""
"198","spacebug","141850","0x34816b3df346ab26077e32a6749a4e117fea6a0d",""
"199","redscorpio24","141825","0xdab5fd52993f85bf0e2c18e6d0bf408f5ab24d00",""
"200","whitejack","141125","",""
"201","lowbudget","140362","",""
"202","vibebodega","139950","0xa58c350913ddb78d8ddd645c9b109f7d1fb0b8b5",""
"203","dankochen","139725","0x20134c1447fda725e61891d22428e826f946502f",""
"204","kassatka","139562","0xdf2adf272e40fe277321b21aa58ddccc3bc648ee",""
"205","dronon","139262","",""
"206","vibeclubboss","138211","0x3b236a498da3f00adb280876440fb19ec3347401",""
"207","howaraang","137400","0xfb34a66aa669256c8c0479e32015c3e531d56e68",""
"208","hoholurod","136525","0x4607c13a0480862dd257dba439d902c93ba8f7d9",""
"209","gintonic","136500","0x67908205f12d29ecda5becaaf51291e78237f90a",""
"210","dans55b30","135675","",""
"211","chimkens112","135324","0x7731367769c80583ab5c0ed294ab52464a9fb613",""
"212","stenamu","135037","0x1c9aa5c14e6ad1203831f5b5ac98da50eeca1328",""
"213","adacrow","133999","0x91cb1ff4322559a5c5c67dba075ab081c255ba1f",""
"214","draoge","133775","0x36fdc3962fa113e1269b506aa52f52dffeb39bcb",""
"215","degenlyfe22","133462","0xfe66532bc423c5e207a449598ded2eb75efb9764",""
"216","sknv1966","133162","",""
"217","mauxfaux","133100","",""
"218","mkt50","131050","0x3e0998e9fcbd992d36239d5c5ad182d2b5cfb00b",""
"219","neodallas","131012","0xcd83c5970f8b92142ef6db1ccadac68f01df1c44",""
"220","punchesss","130550","0x202e3cafeecb9473f5e6510c19fb110747cfe0ab",""
"221","tutsya","129875","0xc3a6f32c13d1400ff5cdc5bffd07a29268b7ba3b",""
"222","bananacoolman","129575","",""
"223","fraka123","129487","0xcded00bb9a3663c1a16e6af50206edbfcf49aff0",""
"224","degennaz","129150","",""
"225","fvck_avatar5546","128962","0x2c956980bac5da1ae63dd0d4c82705330842a686",""
"226","ender","128737","",""
"227","gangsterstar880","128712","0xa889371a3b21f7cc343148b7dfd3f10af8c0ca23",""
"228","valyaf","128675","0x945be2fe235fea69498f04c25fe09c0181cbd4cd",""
"229","b2ru","127825","0x6b347a82fcac4e6a38d1fc40e3631bd8f9495e9f",""
"230","leodoto","127650","0x22919d0c95f59c7f86331d6992cf873ee7a64f00",""
"231","soccermom","126849","0x7237436c0b1975c2d44b0982d43572a2a7deaf40",""
"232","zyro","125525","",""
"233","meowwww","125437","",""
"234","rizzy","124525","0x2c2d43cdfdc1cd3afe6a32c7988f25f899685bb8",""
"235","sawyers","124425","0x3bc1d93eeb13817b22a6f8723879239497aab388",""
"236","risioja","123549","0x5224b95d737b88b44d0e3f3949d2fa3cc2301d7f",""
"237","stuffkeithbuys","123125","0x3273e60b1a68dad08362fd7fc60b9aa5c16de6ca",""
"238","maison300","123037","",""
"239","bracho","121487","",""
"240","jinbe","120987","0x5364030b7e8b2276fc04b97beb71bd699a71c419",""
"241","duftendespiggu","120287","",""
"242","sanya19","119925","0x506aed2be611bc9ea3d8b76dee45f328114d6576",""
"243","megabars1k","118912","0x24430ae18740eea33f2c605fac08847e787cb21a",""
"244","raketa","118250","0x9e702ade7d608b689af5b6c156621607ef11ee22",""
"245","peymank","118075","0x36fa11f6715a5e440871f531030ee4e94d7b9309",""
"246","berry","117987","",""
"247","spacedfaceless","117887","",""
"248","missyounowhere","117675","0xf02245bd823da35aa3a5c661e9174dfbabc2fa3f",""
"249","diamondhhands","117575","0xdb656ae889306821fcd8b0256b4f66bced538d43",""
"250","mtxmat","117475","",""
"251","pseudosoap","117387","",""
"252","alinka","116924","0x5a04483495fad40e9192f1e13791832d4f89736a",""
"253","evak360boss","116575","",""
"254","boston","116462","0xa5b7a2af41e16bbe53b0b998add1d7b939c24093",""
"255","tylersmom423","116187","0xf76a07f67e1f6f9db8ebba3ee9acb6b8933f89f0",""
"256","krionish","116187","",""
"257","bobbyau","115787","",""
"258","dirtybenchez","115775","",""
"259","sonadam388","115587","0x31637515efac2a59595d0db6d55e45e24bb97e19",""
"260","vibekratos","115275","0x68cfba5319b8487ca9143f892067fe406c1f7314",""
"261","maise","115237","0x7228dc2a72d57406425a117f289e36197bb2ca34",""
"262","alenaera","114787","0x2212b160a8f2bac367cf03b8d07b2da9ffc39483",""
"263","chad","114550","0xcee0c9022120a24c720516247c8118c7be175ae8",""
"264","yavityai","114475","",""
"265","novak","114237","",""
"266","shrike","113725","0xf2c2ad0a49f2c32bc2072927363ef52a3ade0c09",""
"267","afindubai","113275","0x325f3e52bb8529352091a268f60750ba5a978cc4",""
"268","dabz","113037","0x1f26a2ad539af9135b729ac492c559333b100624",""
"269","tmcclardy","112937","0x57c94db73ae5918754528eada385f7fc6d64b00f",""
"270","kolya","112275","0xce9600f80bd92788df3617ceda9bfa45043a51d1",""
"271","aleksremont745","112200","",""
"272","figster","111837","0x9b2f12393217b6a0d1fa10ceb7aa49858edeffe5",""
"273","kekeke","111600","",""
"274","neongandalf","111586","",""
"275","wales","111462","",""
"276","ronni","111387","",""
"277","keke","110912","",""
"278","vibrjura","110899","",""
"279","cryptospb","110424","0xde96e75c7160d70a447a72afdb75ddfa1455c808",""
"280","tranex","110062","",""
"281","sousma91","109875","0xdfe4879ea07d045eac99683278ddef4f4013ac32",""
"282","heraldoff","109425","",""
"283","luuucaaas","108637","0x31ca6a61ebd6f6118fd9ce6c743a281e2474a843",""
"284","kqrix","108437","0x1dc4bf9dd18ca1105c6a257f5b7a526187eaf31a",""
"285","chrisguyot","108437","",""
"286","ssv66","107750","",""
"287","kawheel","107550","0xf4970fb8e000e04471b1e4a3d822aa67cc4bf509",""
"288","gee","107174","0x02d260ecfdf7c17b4fdb2ed9af52fb9d7c924e7d",""
"289","spiraleye","107100","0x9d6a9c45f49431076f2493621463fba511c96d39",""
"290","secret-stash","106500","0x2afbad9b7c9213b642621a5e4e8eb1ce21339e71",""
"291","pandorka","106487","",""
"292","gabo","106100","0x5fbfca19baf5a893bca81987cd1d27e76ad3e2bd",""
"293","gabo","105937","0x5fbfca19baf5a893bca81987cd1d27e76ad3e2bd",""
"294","alekssmurfi33","105850","",""
"295","nxd1n3","105537","0x834144a4c726a049ae890d0c3fe0fe7b33ba2620",""
"296","crislalat","105300","0x76999d31a3cc8657f5df1bdf586818cd01094849",""
"297","sasha2703","105162","0xb71667b32a69fb3712a7e0824bdea7cc146ccfcd",""
"298","ssdw","105150","0xb87c4158b4a5766d67aa8591064bbe5126823514",""
"299","gitea","105137","0x28f67819d2dd454722a33388afadfbf970af8903",""
"300","dallaskiy","105125","0x1a9a84841fc9af5cf2e4792c24a631ed7a32b316",""
"301","beijingdou","105000","",""
"302","nolimit","104925","",""
"303","tinnghia79","104475","0xf4c739c80573db1228f35abe2682fc9e2be55d66",""
"304","jimleja","104249","",""
"305","yoroi45","103987","0x52ce073dca2577f0d96900bebd081fc022e2eeae",""
"306","helios","103600","",""
"307","denchyk","103325","",""
"308","ijay","103125","",""
"309","dahlia123","102987","0x5fd4fdf20a7d1ab5670a81b5618c01305c62339f",""
"310","miir","102512","0x9a0f62b9a86187a03f4459d3130e9792eee8aeb9",""
"311","evolution526","102375","0xa1dd53a843231bfc57670ca41b3c2e850fdf6309",""
"312","jerrod00","102162","",""
"313","blanc","101650","0xbca73110ed28c72a80a0020ba12650d2c212158f",""
"314","mediocreceo","101175","0x6d621ae05e58f3216e783b619dc9ccd81d5db9f6",""
"315","werty","100275","0x73da485cd75fd51429dd89a2042b472116546640",""
"316","etoad","100212","0xa64ad28b1ec843974be580a2b9312671dcabea21",""
"317","johnny","100187","0xa799cf9a9242eb89d77a61571fb14502f6ba453c",""
"318","jojo","99512","",""
"319","dort","98475","0x6527391e468312c62e4f10138ee422a92f996b54",""
"320","generalfenn","98362","0xe821aedd628d9e303043ca569ceafff13c4ea03c",""
"321","serhii","98150","",""
"322","ghjkl1120","98087","",""
"323","stormork","97875","0x9a9d66564ca6e151d636e6f59006b47730afb679",""
"324","finalizhafiz","96625","0xd0c720a934da8164d841a51ffec4c716355ae4ee",""
"325","dubcno","96550","",""
"326","uniq","96287","0x85011fe8cece70112a0ad6f6ac26623f0e220870",""
"327","alessandro","96125","0x060d9d928c9ff31185d909c8faacedc0783100e0",""
"328","jrg1214","95850","",""
"329","yofia","95799","0x9891b4d3ee1eaf727037fdf40713bd867aec3c56",""
"330","mk5455","95400","0x46783e47ba77781d1f29272be9f1a6daa14e4c1f",""
"331","grooverider","95237","0xd2fb541e6a6d8e19327058bc75d81795af7dcc0d",""
"332","gglib","95150","",""
"333","nullstake","95037","0xdce62b21a8b1a9b39dd3ded27c876d416cc91b3e",""
"334","twiz","94950","0xdf19b8e52dc626e6e54dae7a1e6081ba6d866dc6",""
"335","bladerunnerc721","94750","0xc8d158356d69b439ae40b1c7d9bd7df8478eb98d",""
"336","maladoy","94575","0x5115f1660a73322329a0abc227cfa550674f9d6e",""
"337","Tanimal","94475","0x2acd5c7d45a8421ae1fa15dce68316941b64ff4e",""
"338","egdf","94337","0x75d75239613fe2b979c14cb0948ab11fda52eeea",""
"339","lighterlfg","94137","",""
"340","reemsterx","93875","",""
"341","crits","93400","0x753cf57210d2be5239c26d8c5f0b30013398aa5f",""
"342","bflo","93362","",""
"343","traxar69","93150","",""
"344","callmedaddymfer","93012","0x3569a929293ba38ab1482e102c8089b46d79d4f4",""
"345","gwillymane","92775","",""
"346","jelizaroeeqc","92624","0x02cd5a786edf06e563872b4fc30cbd2d61ddbc74",""
"347","zztope","92612","",""
"348","bangseo","92150","0x82249aae2b3402676f084c7fa36cae82ffb52601",""
"349","bry","91875","0x6b749c62d907d7ef66e9438e231070070e22b4bd",""
"350","cooliouu","91737","",""
"351","xrustik","91325","",""
"352","aleks947","91186","",""
"353","rendzt","91137","",""
"354","permaban","91025","0x0db1a9333791099e4c9e4655ccc8e845afd1aec1",""
"355","mark98","90212","0x918048e798d66127543ee7850ac74cc7a5b62098",""
"356","zenad","90150","",""
"357","bloxx","89462","",""
"358","maticavibe","89225","0x97e7783f292384a519b34042c8f40661e30cca39",""
"359","gamoraseven","89050","",""
"360","akabryanhall","89050","",""
"361","oppenheimer6","88750","0xa66d57680c75e955cf9da0c10881cb8dedca35e2",""
"362","uno","88500","",""
"363","matthieumdb","88287","0x5c0beb90cba6d32118104e356fd7176089517003",""
"364","allgamer1","88000","0x6b5bf95008840faf2d6c8051b5f0188475d59917",""
"365","stickydinosaur","87975","",""
"366","dourguy","87762","",""
"367","vibe","87675","",""
"368","bsais3342","87675","0x1d16a7ac04139796685e4e074f877e7dc7ff2b98",""
"369","lucaroland.eth","87575","",""
"370","pas090909","87562","0x9e508a8055febfd97b3211683ba95ecd95c53758",""
"371","problemfinder","87462","0x6080bd348fda94d1c0a5db3fb180aa2830c06b23",""
"372","dracko","87275","",""
"373","finlvnd","87125","0x22c3f7add33053cf76e15c6ba89e4da74b974cf1",""
"374","pandoro4ka","87062","",""
"375","kratos","86862","",""
"376","vibemasta","86849","",""
"377","rifkibandung","86825","0x879016e093091b7dae292d2668c2c8d3705d0bfa",""
"378","turgende","86050","0x83cb6eea5070a9814c4f8226554a99db1da3f762",""
"379","atarigod","85925","0x7b2c7a4ac373c159c7d6009b036e7d7904579bac",""
"380","bertondog","85724","",""
"381","shikari","85700","",""
"382","dragomax","85637","0x48126c48f9ea786e44e2da83de614f601abdac2f",""
"383","forgeter","85575","0x059b12bc0cec5e150398aec13560ea15060faf77",""
"384","bthemouth","85425","",""
"385","viking","85150","",""
"386","mykytazp","85125","0xe86e0a3b9aca7fccc93afc5fb45d9bf22419f87d",""
"387","theluckyspe","84625","",""
"388","ao4044607","84400","",""
"389","slavuntich","84300","",""
"390","ladatko","84200","0x3ce83d4bc0ec8a825ea123ad81768ddba5a0d669",""
"391","40plus","84025","0x1dde0c529b5702bae42e0223c56b92a1a14d663b",""
"392","guccimane","83637","",""
"393","hattimon","83550","",""
"394","ronnyguy","83400","0x544071711d26867ee9e2bc6eb8146655da78e069",""
"395","rorshrak","83175","",""
"396","lgs","83125","0x3730ac4e22e893159daf6902a32be937a70d0ffc",""
"397","hanzo8840","82725","0xd8c57efe9fc8996c8915c5d4cf3e58462f8989d8",""
"398","pike","82650","0x7efebbb67503bdbddf2c05bcc6cf17259f78faca",""
"399","alexugu","82350","0x47afde22d6ca9ea3d49c07f398575ddd5304e338",""
"400","copeingmekenism","81950","",""
"401","chooseshees","81950","",""
"402","donamir","81775","",""
"403","iris555","81487","0xb11c435bb94b6d763ff6ca3365e002e4ce1482ba",""
"404","acidman","81025","",""
"405","mjeezy12","80537","",""
"406","aesr","80475","0x2cc0e22612e526891c6353b4c4fedf8266e4f518",""
"407","web3tjk","79475","",""
"408","snackiy1994","79425","0x1d63ea9c661ee0cd49d8ad85cd9bc38f9f60da9f",""
"409","milkyway","79212","",""
"410","kuvalda83","78900","",""
"411","ser3009","78862","",""
"412","jinya","78850","",""
"413","korallo","78825","",""
"414","iwanwijayan123","78412","0x64959cfde930d054fddcc52a54cf8d8f1dbf7884",""
"415","rayan","78250","0xf87f169690526b4e7700ef27aa202a4414db325d",""
"416","mei","77312","",""
"417","jake","77312","0xdaf417418e58ddd0fd2c0bff528a1ae402b37b31",""
"418","wowe","77062","0xa76c70d735e47da7e74b138f78f77136713b71a1",""
"419","sololine","76675","",""
"420","vibegeek","76625","0x9c60e5cc2b9c017b693446bea871f86deb00d556",""
"421","meongkit","75225","0xaf5403943882a174b60be19d2c6c7db570f3e209",""
"422","gringots","74500","",""
"423","zloyarab","74362","",""
"424","dwebbs","74287","",""
"425","chopperua","74250","",""
"426","rrr","74224","",""
"427","kostik2424","74125","",""
"428","produmanni","74087","",""
"429","mohican","73850","",""
"430","svan551","73625","",""
"431","charliesheen","73250","",""
"432","shapal","73162","",""
"433","sulsully","72975","0x9a93ae4f408a1e7d178650ca9f7ab2135c512eda",""
"434","a1exandro","72775","",""
"435","razkhu","72675","0x651e6bdb0b96dfc2763b30a25247da3e7211cf42",""
"436","donaldtrumpettt","72650","",""
"437","toaddy","72325","",""
"438","hungnana","71500","0x8d15eb13c100b7a432eb5df07b030b585fdc2eac",""
"439","lyor","71475","",""
"440","mederri","71050","0x135638583343dc17f86ff54507efef2ef2250497",""
"441","nochittking","70675","0x9af6b35364c1c677bc8b54fd4c2db4752b2dcbe7",""
"442","bergenfox","70625","",""
"443","dory","70524","0x1fbbd9803f74d43aced0b10a9fca4fe61cb245e9",""
"444","cubsfan333","70475","",""
"445","loko","70175","0x11e20945b068ce6fa4cf865178e6e9ee8ef136c4",""
"446","money","70112","0x666d254b723ce08978efa1715978767e23df6126",""
"447","irdge","69950","",""
"448","loudydread","69650","0xa65d8f6477dd536bbc10d1dfc15003ad743acc9f",""
"449","slaptoshi","69475","",""
"450","g-dog","69325","0xa583f2737ffadb0efe9f07096b885fb850519e23",""
"451","armani93","69324","",""
"452","jhoss","69225","",""
"453","alex_sly","69150","0x035a7b7e5cc8975ef6123287941dabbe86bc8433",""
"454","erdinckk","68875","0x0907b14771f2b04c5a4643e611d23f7e988bd35d",""
"455","monurohila","68675","0x140a6bc5ab55d3ef238cbdb8696e28dc34a1b1da",""
"456","crazyhauser","68587","0xd9650c2df34a688936891b8cfe353b157158f67e",""
"457","fntxtz","68450","0xf2204fd04a5417411411bff7840297547674ab4e",""
"458","mkizzdboss","68325","",""
"459","sahirama","68175","0x359842cd28b2cb58ee2f35a6abaf188367763eda",""
"460","bodega","68100","",""
"461","wifey_mediocreceo","67950","",""
"462","kodya","67712","0x077b7f3fbf2e144f9ba33b79fc565a46f0235297",""
"463","nicro","67675","0xbbc11cdfe8cc5d56d2e4671f265374703b2b1be7",""
"464","zhahan","67512","0x3f583f071187fa65f0bd79bc1329f36d455697b0",""
"465","crystal","67500","",""
"466","patrio1989","67112","",""
"467","kryptocevin","66550","",""
"468","dkowal69","66000","",""
"469","maximusstokington","65250","",""
"470","tenx","64750","",""
"471","sarahu","64650","",""
"472","mooods","64375","",""
"473","ste3v3","64250","",""
"474","ierji","63675","",""
"475","kakoipribor","63575","0x1df3c8e669e40cb2824920137f1b6600d906d7a6",""
"476","zipporchik","63500","",""
"477","goodcat","63250","0xc298a7661128b0bc530bdb2191f1a50d4281abe5",""
"478","roachkilla1746","63150","0xe0dd93e8f6bbe7133642cde68f5235cd412ee448",""
"479","kuchababla","63150","",""
"480","galinaleo","63000","0xc7882a4a81c55241fae2a709126850199427a6b0",""
"481","kathrin","62975","0x4f9e9e4a075614ade3e181893f396959b2f55f94",""
"482","jack269op","62825","",""
"483","becks","62700","0x2c4d804e3b5ccc546afa5543ecc8e0b3bb6fd377",""
"484","node8","62125","",""
"485","takxochu","62075","",""
"486","gabo_alexandria","62025","",""
"487","mrhekim9","62000","",""
"488","milkaligator","61887","",""
"489","denniskrieg","61625","",""
"490","lavistaloys","61300","0x0c4035a3e67a9979ab28d0bbe2a921a190dc09a1",""
"491","zombe3232","61200","0xfe1d2b89b55413968b6d1d501e1cd5a0f9160054",""
"492","feranrepom","61000","",""
"493","maxton","59975","0x84ec4edffc95f29f493d0a091d1b167806f53c0c",""
"494","bribery","59650","",""
"495","ataffer","59537","0x8a9d5ea5ee5310403e8da85a4f9d2db6995a82d5",""
"496","duckies","59475","0xe61812e756cf33e576f4ca13c151860f3d8e08a9",""
"497","stevez48","59125","",""
"498","aley","59075","0xf61467b750f98b40884e23dc051bb297dbc772b5",""
"499","jambert","58875","",""
"500","vladvamp","58812","0x05518813709d67d802cdc4f56ef42964b5e42dbb",""
"501","mcnft","58250","",""
"502","toptop","57975","0x3eb1580abffa4a7196a7da351ccf069487632864",""
"503","cmpannik","57875","",""
"504","rickpeak","57475","",""
"505","tx.","57450","",""
"506","majorblazer","56837","0x127c1df80c7426dbebb070e20d304c5dc6c169f3",""
"507","izzzard","56225","",""
"508","kit147","56100","",""
"509","staffermotorola","56037","0x9ad6a465885c8e4abe0b5ee5912f9d043f5aabe6",""
"510","jkjustplay","55800","",""
"511","hystie","55774","0xc409de9b341dbac065359cf053c3572e4976531b",""
"512","beef","55675","",""
"513","ibrahimeut","54425","0x2a759febdedfdbe24791a7ba926dbe70540fe798",""
"514","moonhot","54325","0xf34c4f6ba8fb10ab7830f8e97e854b992ffe8efa",""
"515","sumerjoy","54250","",""
"516","kany","54175","",""
"517","posijour","54150","",""
"518","moga","53850","0x63e81b083e6f92688983d43e0a7ae8a872e363bc",""
"519","vovaua","53437","",""
"520","vezunchyk","53425","",""
"521","sousma01","53350","",""
"522","arsenkoo","53350","",""
"523","mrgreenity","53175","",""
"524","mexicanote","52975","",""
"525","bojozeph","52725","0x86fe4bc2d9e4cf91ca207fc6da833ef505926bd0",""
"526","xola","52700","",""
"527","onchaintom","52650","",""
"528","aleks","52475","0xedc3c920e6a9c0b2e35a4f8eadc6f852aaa5887f",""
"529","leb_dumbs","52125","0x671be92d915c712c57f122851f418f19e2fb4213",""
"530","mewtmax","52100","",""
"531","platinet","51750","0x86c4fb8d84fee3ee0aa1597740d53e4273aa3402",""
"532","chloeh","51500","",""
"533","andre","50650","",""
"534","centurion","50500","",""
"535","katagawa","50475","",""
"536","eldiablo","50350","",""
"537","gilotine","50337","",""
"538","bclever","50225","",""
"539","gakerman","50150","0xb7b5d08aab60ac5187448095f17383e1228e7a65",""
"540","bonk","50125","",""
"541","Davuswho","50025","0x2da40ce78682262d8024c76f614490c73b174340",""
"542","unc","49875","0x5436443ef83ae236ecece9b56065624808ef32cb",""
"543","ruabet","49875","",""
"544","hoss","49600","0x2d39da38fe64d43f8e2a62683dea0337eea992a9",""
"545","daddy","49475","",""
"546","twolight","49075","0x7fccf116ad1fd54ebfbd17974f919c6330d55468",""
"547","uniquecol.eth","49050","",""
"548","flatto","49025","",""
"549","kinderg","48675","",""
"550","azistek","48575","",""
"551","ronnyswife","48300","",""
"552","kls","47800","0xd8c87e94fb377d597b1d4a535de0805604c50e46",""
"553","vasek","47250","",""
"554","ridboy1995","47075","0xb0bff2cdba2403cd27da0c5f7fa7b8f22d1da5d1",""
"555","brinkman","47050","",""
"556","marcodumitru","46800","",""
"557","yushazaheer","46550","",""
"558","tendy","46175","0xf114702d3ca73d698379199b49d5e032121653f4",""
"559","utatu","45900","0xf8bf530755ee7d6b3307ab1265fc22ad3a661ef7",""
"560","spartan","45900","0x3514808d41f11e1d4b713f9ea5969e7ffd6284dc",""
"561","behelfgg","45500","0xc4ab908e06ee8b3f147691915694e46778d9753d",""
"562","shah1","44825","",""
"563","kaydenn","44650","0xa7cc5bad3d643b216731dcf281a547b9379a2e30",""
"564","pokraushku","44575","",""
"565","bigvibeenergy","44500","",""
"566","r0b1n","44425","",""
"567","bhristmas","43700","",""
"568","lams","43525","",""
"569","abracadabra","43500","0xfbc33d3d27dbad62ef139410e5c6e4a61cd911dc",""
"570","remoaleks89","43375","",""
"571","kompakoto","42875","",""
"572","dr.crypto","42750","",""
"573","sario","42550","",""
"574","phobos","42475","",""
"575","cohn","42275","",""
"576","salzero543","42150","",""
"577","tatitata","42025","",""
"578","orakul","41525","",""
"579","dark","41250","",""
"580","charlieparker","41100","",""
"581","alenahoney","41087","",""
"582","hndrxx","41075","",""
"583","alkspromo","40675","",""
"584","koma7syllvia","40612","",""
"585","tukowka","40550","0xaacf2fab7dbc8a647b23160552c558c676964910",""
"586","nausicaa","38850","0xe6c876d8d30c495df13ce9345ad96504d9d971a4",""
"587","sergiox","38775","0x15434a35e00897252a16f9edc45147d92fc52725",""
"588","cruzoe","38725","",""
"589","yangtuo","38525","",""
"590","weirdtemuru","38525","",""
"591","dimkat","37800","",""
"592","ziga","36725","",""
"593","red84","36600","",""
"594","petisy","36300","",""
"595","flyers4eva","35850","",""
"596","gabriel","35125","0x099532f577a1e474a30d198551936c8a075efbe1",""
"597","whemo","35025","",""
"598","gigio","35000","",""
"599","vit.096","34975","",""
"600","lapom","34937","",""
"601","castore","34850","",""
"602","dim8765","33650","",""
"603","yaroslav1e","33125","",""
"604","alishka_kr","32900","",""
"605","miztik","31200","0x6559128a83b9c93281a53038b8810db349d61527",""
"606","asta","31150","",""
"607","ryanh","30875","",""
"608","phewhe321","30612","0x295bc2ef7aa8346c57a86da8f99fc7e73f1809f6",""
"609","alejandra","30025","",""
"610","kokos","29625","",""
"611","drcrypto","28825","0x7e8184d0485d85b7f4de507aa006808b4ae99ca6",""
"612","yhnik","28350","",""
"613","vcorona","27725","",""
"614","sato","27550","0xa3f3aaee4be7302bc37683fbd983ec30d0706b7f",""
"615","bot_izfye6","27250","",""
"616","rektt","26950","",""
"617","leyba","26875","",""
"618","xqsbtc","26687","",""
"619","serchrey","26500","",""
"620","dja","26450","0x232650dea5d673f9ab0e85328c7964b1737948e7",""
"621","clemind","25000","",""
"622","playa","24450","",""
"623","u_efu","22725","",""
"624","yura735","22500","0x1c4ec58b06b4c4c06ed7a20a65d46a9f41a6cf11",""
"625","lofty86","22375","",""
"626","rj007","21050","",""
"627","lukaylo","20000","",""
"628","bubuens","19950","0xbdea8a15fc168b6040d813e47fdb676ad4a5f7a6",""
"629","masterkuni","19725","",""
"630","yafusmoura","19700","",""
"631","michigon","19450","",""
"632","dmitriy","18800","",""
"633","spoiler","17775","0x5b4787f150aac20c18a1fe53e050330846b0d6fa",""
"634","shounfodji","17000","",""
"635","alexmegas","16925","",""
"636","ouraxxcy","16050","",""