rank,username,opensea_pins_collected,wallet_address,created_at
"1","humanizer","65","0x07da53275190346f7e9b04254e412bba9c6d6b09",""
"2","bunya","60","0x26dd4199269bec9457f84adb029db917a910c711",""
"3","btdwayne","51","0xd341108b067cd308cf8cc7e13fb9982b0cba2f4e",""
"4","wyllt","48","0x94c47ed35fd041953352cd483b66ad1dba05e31f",""
"5","laserguy","44","0x6ab1ac5c79193579ad7365b1f852c12ef45bd921",""
"6","adacrow","44","0x91cb1ff4322559a5c5c67dba075ab081c255ba1f",""
"7","themullet.eth","41","0x6c3d6d6038b40854b811b4dc8310c04aa68310c9",""
"8","hashi","38","0x0e34256ce6d85d04ff192e4bf9c40994ad901e30",""
"9","dankochen","36","0x20134c1447fda725e61891d22428e826f946502f",""
"10","peenjee","35","0x48fc6aaf8f2df1aac292f7a699acfcb3be699164",""
"11","permaban","33","0x0db1a9333791099e4c9e4655ccc8e845afd1aec1",""
"12","slayer","32","0xaf14e2c4470b52431850633d06e840e5d7c2e8a6",""
"13","nicolemerraf","31","0x401e16f10843531628ccac1a08a0f47097e41cf4",""
"14","vibetoshi","30","0xf42bea3d14951a476a7c58ca38524c408142c269",""
"15","pinstripedgator","29","0x77039399801f462b4ed13444a266b16355c471bf",""
"16","booching","29","0x30e08ee6df646972f5fb1ece073a7aeb7b5091e7",""
"17","yelena","28","0x82979f5db04a6a9daacfbf1dd513f792b7872095",""
"18","innappva","28","0x399fcb7ec85ae1649cfa33bd2593ce29c255524f",""
"19","badogos.nft","28","0x9ad1089943b6fe90d930426f1d8db095321aa666",""
"20","yoroi45","27","0x52ce073dca2577f0d96900bebd081fc022e2eeae",""
"21","andreevnadasha","27","",""
"22","adoslav","27","0x90d9e2d3f846924102f7233b304338f47fa2b7dd",""
"23","sakura","26","",""
"24","heylen","26","",""
"25","chrissi905","26","",""
"26","aleksshpulin","26","",""
"27","wowg13698","25","0x0ed8ca2a16c27243c2a4f1180a921922e4b7f326",""
"28","mrmossel","25","0x47b27f983b32d179997505d31c3320bbd244256c",""
"29","medvedev","25","0xf7c01b355e3e20806280d269851ba92c311fc25e",""
"30","drfrankenvibes","25","0x3c0e5916b2f228eb237667f2ad895e0aaa7635a3",""
"31","vdovinda","24","0x8c57d1fab10d4b78f49ef5c6abaeb76a63710f61",""
"32","ruslana","24","0x392d605197126219d5ad8dfce75af05c7d5be422",""
"33","onward","24","0xb758e98c2c99883353d2ab34c4d7c550e4871aa9",""
"34","matthieumdb","24","0x5c0beb90cba6d32118104e356fd7176089517003",""
"35","fugem","24","0x7d7370f3b18adec3ba99482a1ba02657725ac1db",""
"36","figster","24","0x9b2f12393217b6a0d1fa10ceb7aa49858edeffe5",""
"37","bassline81","24","0x21ffe04829c65e6656b9c156c7dade4c41025c1c",""
"38","barron","24","0x3fe159385b8028ab917bb9668240a388cf770639",""
"39","valeriiaaa","23","0x0154fd4eadc98806a5cf6009e953eb3359d6017e",""
"40","gorbantolikk","23","0x1a103fcfb724093202914f6cf3d533643a3346c3",""
"41","gintonic","23","0x67908205f12d29ecda5becaaf51291e78237f90a",""
"42","fvck_avatar5546","23","0x2c956980bac5da1ae63dd0d4c82705330842a686",""
"43","evadarmosa","23","0x949be0930da4091a5d3422f38b2b1090ad77964d",""
"44","typester","22","0xf85e10a15fcc0b7cb5e36a2f8237b9d121121bc2",""
"45","kitty","22","",""
"46","roybread","21","0x040ec8f6fb92e90709a2f82eeb7ef2354102b0aa",""
"47","panda___","21","",""
"48","nullstake","21","0xdce62b21a8b1a9b39dd3ded27c876d416cc91b3e",""
"49","mrcookies","21","0xe6b221eb84084cbf557465cb8972ce2eaca59382",""
"50","meowwww","21","",""
"51","justd","21","0xa333b510ec313ea1f26b5d9b50793547ca73d99d",""
"52","jordankallman","21","0x6f3e619ebb91007803fa258589ceeaf2be939881",""
"53","grooverider","21","0xd2fb541e6a6d8e19327058bc75d81795af7dcc0d",""
"54","duftendespiggu","21","",""
"55","dmcoach","21","0x35dba6048d9157ca8205e36d13b7deb6e4fa7547",""
"56","aynomi","21","0xa30d8814f1e45f59343886d4c10428f3d523217d",""
"57","veronicamonacry","20","0x5f00955b3c03f2bcdb3ea0a8ee678d55abede9aa",""
"58","spiraleye","20","0x9d6a9c45f49431076f2493621463fba511c96d39",""
"59","reef","20","0x3dd258caf1e6123654acf2922521e04032d31c25",""
"60","rebuz","20","0x373b937836c2dfc048cf8484f0465e6f37aa8efd",""
"61","greystonesben","20","0xc8788e47632167d8642e7d14d9ec056127a3a066",""
"62","gglib","20","",""
"63","georgstov","20","0x20f2c72cdb102cb53eb36eed056b97d3fd916931",""
"64","emerge400","20","0xf74aca4636bfca54d65ba526966ed8924da708f9",""
"65","bomefer600","20","0x4c38a90b0546ad041df898b20e64d95be8cf0547",""
"66","alucardas","20","0x2f32836d3a175a1841d64dd46f0715697ef8fb0c",""
"67","tylersmom423","19","0xf76a07f67e1f6f9db8ebba3ee9acb6b8933f89f0",""
"68","timvow","19","0xd65222e7fbde1b30d77dc2b55595c0657c58b4a5",""
"69","terriblart","19","0x51f620cea90d817a4e4def15f1c96f5083486a34",""
"70","stenamu","19","0x1c9aa5c14e6ad1203831f5b5ac98da50eeca1328",""
"71","semag","19","0x6a1409fe3a4a9ec17552db96d2b82c2d21bda86a",""
"72","sabinak","19","",""
"73","risioja","19","0x5224b95d737b88b44d0e3f3949d2fa3cc2301d7f",""
"74","petroart","19","0xa979a2f41728e61e86e7787b9836068281932b73",""
"75","oxy","19","0x70a39f36daa7fc7ede1c43c1c5e5ac2b8eae5c66",""
"76","mkt50","19","0x3e0998e9fcbd992d36239d5c5ad182d2b5cfb00b",""
"77","matheuscelen","19","",""
"78","gitea","19","0x28f67819d2dd454722a33388afadfbf970af8903",""
"79","digikelly","19","0x53358572a2dabea7b51d27535c67eae7d8c40bb5",""
"80","denbonnsa","19","0x1b4ddb1b4416d35d4910c8f7443042bc5c657ea2",""
"81","boston","19","0xa5b7a2af41e16bbe53b0b998add1d7b939c24093",""
"82","boombo","19","0x0fc4acb5ceb9f2c681bf4da557fc4040ea66aef1",""
"83","sukoed","18","0xcc6a99b3cea642acc1907c9beb30195c3e85cc52",""
"84","spacebug","18","0x34816b3df346ab26077e32a6749a4e117fea6a0d",""
"85","otan4841","18","0x0687d1d724d5439ee2455323a3b3eaa4af11176c",""
"86","neodallas","18","0xcd83c5970f8b92142ef6db1ccadac68f01df1c44",""
"87","megabars1k","18","0x24430ae18740eea33f2c605fac08847e787cb21a",""
"88","kukuxaedet","18","",""
"89","bflo","18","",""
"90","b2ru","18","0x6b347a82fcac4e6a38d1fc40e3631bd8f9495e9f",""
"91","vibeclubboss","17","0x3b236a498da3f00adb280876440fb19ec3347401",""
"92","swivaljaw","17","",""
"93","ronni","17","",""
"94","movki","17","0xa6da0698779c9ce5a3c468b3406b6cbe2c472b8b",""
"95","joafe82","17","0xd7fe95c58f8fcc7a762c7713653630e601f3b44f",""
"96","iceon","17","0x5d1f4f1e99a9d0866be15d7300b9ac2970e232d4",""
"97","gadzho","17","0xc6918741471a278ab93fbde809bfcf30aa1b11f6",""
"98","dragomax","17","0x48126c48f9ea786e44e2da83de614f601abdac2f",""
"99","diman1687","17","0xadcfbc9c898ec737dda5bf6e580301d0afe37939",""
"100","broncinbuck","17","0x7e36c0afa568c014a3c0d88a8cb0b83219a3a13a",""
"101","alinka","17","0x5a04483495fad40e9192f1e13791832d4f89736a",""
"102","vogters","16","",""
"103","veroscryptos","16","0xd0fd6dbadb056e2c17f8e36c503f7ab006fab0bb",""
"104","tutsya","16","0xc3a6f32c13d1400ff5cdc5bffd07a29268b7ba3b",""
"105","sofa4813","16","0x18c2db663ba37e059bea631d4bc6e9c0c3adb8fa",""
"106","shpek","16","",""
"107","peternovakxx","16","0x40e620e996e5f87690c72767975e321647aa6f73",""
"108","neumann","16","",""
"109","krionish","16","",""
"110","dadutch","16","",""
"111","catriona","16","0x4bb2d016b90565612d81a7a4b1b80f49e652cf23",""
"112","belovairina","16","",""
"113","andrei46","16","",""
"114","wave115","15","",""
"115","valyakokas","15","",""
"116","tranex","15","",""
"117","sergborovon","15","0xc0c9169f5a726fcfa12dfe953c22dc7801c554ef",""
"118","sceniczero","15","",""
"119","nicro","15","0xbbc11cdfe8cc5d56d2e4671f265374703b2b1be7",""
"120","molodec1","15","",""
"121","kqrix","15","0x1dc4bf9dd18ca1105c6a257f5b7a526187eaf31a",""
"122","etoad","15","0xa64ad28b1ec843974be580a2b9312671dcabea21",""
"123","elen","15","",""
"124","darton","15","0x5b63b2e36f479a2092c98dbf43ae3de0450c98ed",""
"125","christinashakhtar","15","0xf753bc02be9397ff880066f97abc163f43e4cc9a",""
"126","attikasu","15","0xf69b16aa5fdfa2142608932083830c4c49aa4de8",""
"127","adjum","15","0xfc87adbc49931702544431f510163344fe9b57a2",""
"128","zdunsky","14","0xd4193a41aab069d4facffac8ebb8a5a1f45b64c3",""
"129","wowe","14","0xa76c70d735e47da7e74b138f78f77136713b71a1",""
"130","verm1k","14","0xbf4fa8c6a80c2afc8996475599db8fc23a0e961a",""
"131","velocity9i","14","0x1a81229f1d279b13023bd74526facc5f9fb1b854",""
"132","soccermom","14","0x7237436c0b1975c2d44b0982d43572a2a7deaf40",""
"133","redscorpio24","14","0xdab5fd52993f85bf0e2c18e6d0bf408f5ab24d00",""
"134","raketa","14","0x9e702ade7d608b689af5b6c156621607ef11ee22",""
"135","punchesss","14","0x202e3cafeecb9473f5e6510c19fb110747cfe0ab",""
"136","problemfinder","14","0x6080bd348fda94d1c0a5db3fb180aa2830c06b23",""
"137","mrp","14","0xdbdb4465314cdf3f92417e2c9af78b4d64062f00",""
"138","leodoto","14","0x22919d0c95f59c7f86331d6992cf873ee7a64f00",""
"139","jed","14","0xd566e6273043f7d60e616a701ebb0ad6816f1957",""
"140","heraldoff","14","",""
"141","globitx","14","0xa0045e50d709cd90ad51890c921ff6520d94827c",""
"142","doxts","14","0xf4c6a0ef39756484b2ba8dcb81d476f02d270fe0",""
"143","dallaskiy","14","0x1a9a84841fc9af5cf2e4792c24a631ed7a32b316",""
"144","chimkens112","14","0x7731367769c80583ab5c0ed294ab52464a9fb613",""
"145","charles","14","0x819fbb2d9880d23792fd9d1cde4c153bf9956344",""
"146","yofia","13","0x9891b4d3ee1eaf727037fdf40713bd867aec3c56",""
"147","valyaf","13","0x945be2fe235fea69498f04c25fe09c0181cbd4cd",""
"148","ssdw","13","0xb87c4158b4a5766d67aa8591064bbe5126823514",""
"149","panda","13","0xafcb27676fd4e2bf726587b1a40390c432f9d41d",""
"150","nxd1n3","13","0x834144a4c726a049ae890d0c3fe0fe7b33ba2620",""
"151","mudryy","13","0x5c43f4b22e329dc6f3ea347c34953e924576c056",""
"152","mrshossette","13","0x6d09045afc3c38b225fa558fae46d71e58780876",""
"153","luckmode","13","",""
"154","jelizaroeeqc","13","0x02cd5a786edf06e563872b4fc30cbd2d61ddbc74",""
"155","gangsterstar880","13","0xa889371a3b21f7cc343148b7dfd3f10af8c0ca23",""
"156","exp104er","13","",""
"157","dronon","13","",""
"158","dirtybenchez","13","",""
"159","cryptospb","13","0xde96e75c7160d70a447a72afdb75ddfa1455c808",""
"160","cryptobat5814","13","0x914c13c8fbac8ffce88bda82d1f7eda70cd8f868",""
"161","buffet","13","0x9c81235b2fda4687e0159b19f56e835712ab0a8a",""
"162","alessandro","13","0x060d9d928c9ff31185d909c8faacedc0783100e0",""
"163","afindubai","13","0x325f3e52bb8529352091a268f60750ba5a978cc4",""
"164","1den4ik1","13","0x59cad9596dc8dc6b6dd2c7b44a31cd4d752d006c",""
"165","vibekratos","12","0x68cfba5319b8487ca9143f892067fe406c1f7314",""
"166","traxar69","12","",""
"167","Tanimal","12","0x2acd5c7d45a8421ae1fa15dce68316941b64ff4e",""
"168","olyly","12","",""
"169","loki","12","0x2487e611ff876c101dd2b31758102953f4760af5",""
"170","jjjj","12","0xbec0d5ea672ef172aaff3ccfdfbebed1d22cc8a8",""
"171","hoholurod","12","0x4607c13a0480862dd257dba439d902c93ba8f7d9",""
"172","egdf","12","0x75d75239613fe2b979c14cb0948ab11fda52eeea",""
"173","DIEGO","12","0xc7d98e9479fd6e3e00490b0b2e1ac7a877421631",""
"174","dans55b30","12","",""
"175","chooseshees","12","",""
"176","bananacoolman","12","",""
"177","aleks947","12","",""
"178","ugo","11","",""
"179","tom","11","0x23ae79881ca5d3c06422bb42e496f14c801060c1",""
"180","stuffkeithbuys","11","0x3273e60b1a68dad08362fd7fc60b9aa5c16de6ca",""
"181","resistance","11","0xeef949100d8fece0889cbccf8768dd60388472d1",""
"182","pike","11","0x7efebbb67503bdbddf2c05bcc6cf17259f78faca",""
"183","onix","11","0x650665cfe3a4bf0fb2c56c62527ecd856c3d7a23",""
"184","nlogard","11","0xe47db850e78c96f3778ab26cc5ed056a361a655c",""
"185","mediocreceo","11","0x6d621ae05e58f3216e783b619dc9ccd81d5db9f6",""
"186","maticavibe","11","0x97e7783f292384a519b34042c8f40661e30cca39",""
"187","lgs","11","0x3730ac4e22e893159daf6902a32be937a70d0ffc",""
"188","kolya","11","0xce9600f80bd92788df3617ceda9bfa45043a51d1",""
"189","jimleja","11","",""
"190","gothsa","11","0x661d9f3d1ccd4a6602a54292f789f4c71721f66f",""
"191","gdog","11","0xa583f2737ffadb0efe9f07096b885fb850519e23",""
"192","galinaleo","11","0xc7882a4a81c55241fae2a709126850199427a6b0",""
"193","draoge","11","0x36fdc3962fa113e1269b506aa52f52dffeb39bcb",""
"194","dotten","11","0xf4b635a578f34b0f4d22ec7923e1a9f15a964e1b",""
"195","bobbyau","11","",""
"196","bertondog","11","",""
"197","www","10","0x18c279bbe4336a6bc7b2be50ffdc4eac1f51d742",""
"198","teacher96","10","0x33d5e26b65b9edb23958afd5f076c75316d31bdb",""
"199","roman","10","0x3a06056277c4498c11793ad0c49dea849ea2068e",""
"200","reemsterx","10","",""
"201","mk5455","10","0x46783e47ba77781d1f29272be9f1a6daa14e4c1f",""
"202","luuucaaas","10","0x31ca6a61ebd6f6118fd9ce6c743a281e2474a843",""
"203","kassatka","10","0xdf2adf272e40fe277321b21aa58ddccc3bc648ee",""
"204","howdy","10","",""
"205","howaraang","10","0xfb34a66aa669256c8c0479e32015c3e531d56e68",""
"206","gabo","10","0x5fbfca19baf5a893bca81987cd1d27e76ad3e2bd",""
"207","economist","10","0xac1e7beae9fcf9b4f294cd534cd0b1ae1ef44793",""
"208","dofa","10","0xfed437c5b9642f69890dd4659d2e834251492d95",""
"209","callmedaddymfer","10","0x3569a929293ba38ab1482e102c8089b46d79d4f4",""
"210","aigo","10","0xd0c720a934da8164d841a51ffec4c716355ae4ee",""
"211","the9","9","",""
"212","ssv66","9","",""
"213","rringo","9","",""
"214","novak","9","",""
"215","nocterion","9","",""
"216","nertonkey","9","",""
"217","morrowfall","9","",""
"218","mauxfaux","9","",""
"219","lowbudget","9","",""
"220","lighterlfg","9","",""
"221","kekeke","9","",""
"222","kathrin","9","0x4f9e9e4a075614ade3e181893f396959b2f55f94",""
"223","karasik","9","0x34c734bf1c4efc47815fb9e11d8a63a3d6067a3a",""
"224","johnny","9","0xa799cf9a9242eb89d77a61571fb14502f6ba453c",""
"225","jinbe","9","0x5364030b7e8b2276fc04b97beb71bd699a71c419",""
"226","gnz0","9","0x0871e6872f0cdeb32eb013648a76575b4d2dba80",""
"227","generalfenn","9","0xe821aedd628d9e303043ca569ceafff13c4ea03c",""
"228","gamoraseven","9","",""
"229","fancyboy","9","",""
"230","duemers","9","0x7e8dec1092f7fac6ad0803568505f59ba658dc94",""
"231","daywest","9","0xb2d7715bd39968bf1964ddc4f197aa0ba99b4c58",""
"232","cazsreyem","9","0xff1697cd18f03242ea521a80334a9060f0c25c7a",""
"233","cardarn97","9","0x2e6ef714225ae97647305fe6e3d23adebf95161f",""
"234","bry","9","0x6b749c62d907d7ef66e9438e231070070e22b4bd",""
"235","beijingdou","9","",""
"236","atarigod","9","0x7b2c7a4ac373c159c7d6009b036e7d7904579bac",""
"237","zloyarab","8","",""
"238","zenad","8","",""
"239","shrike","8","0xf2c2ad0a49f2c32bc2072927363ef52a3ade0c09",""
"240","secret-stash","8","0x2afbad9b7c9213b642621a5e4e8eb1ce21339e71",""
"241","rizzy","8","0x2c2d43cdfdc1cd3afe6a32c7988f25f899685bb8",""
"242","papich","8","",""
"243","mykytazp","8","0xe86e0a3b9aca7fccc93afc5fb45d9bf22419f87d",""
"244","money","8","0x666d254b723ce08978efa1715978767e23df6126",""
"245","missyounowhere","8","0xf02245bd823da35aa3a5c661e9174dfbabc2fa3f",""
"246","m0therhack3r","8","",""
"247","jack269op","8","",""
"248","iris555","8","0xb11c435bb94b6d763ff6ca3365e002e4ce1482ba",""
"249","hattimon","8","",""
"250","ezybrezy","8","0xde5054899e767c3f3ff362f94da545642ba03f3c",""
"251","bloxx","8","",""
"252","alexugu","8","0x47afde22d6ca9ea3d49c07f398575ddd5304e338",""
"253","alenaera","8","0x2212b160a8f2bac367cf03b8d07b2da9ffc39483",""
"254","zombe3232","7","0xfe1d2b89b55413968b6d1d501e1cd5a0f9160054",""
"255","yavityai","7","",""
"256","werty","7","0x73da485cd75fd51429dd89a2042b472116546640",""
"257","uniq","7","0x85011fe8cece70112a0ad6f6ac26623f0e220870",""
"258","stormork","7","0x9a9d66564ca6e151d636e6f59006b47730afb679",""
"259","sonadam388","7","0x31637515efac2a59595d0db6d55e45e24bb97e19",""
"260","snackiy1994","7","0x1d63ea9c661ee0cd49d8ad85cd9bc38f9f60da9f",""
"261","sknv1966","7","",""
"262","sawyers","7","0x3bc1d93eeb13817b22a6f8723879239497aab388",""
"263","pseudosoap","7","",""
"264","neongandalf","7","",""
"265","moonrelium","7","0x0fbec24786881a66b345f8c30ae9420de84d6315",""
"266","mjeezy12","7","",""
"267","meongkit","7","0xaf5403943882a174b60be19d2c6c7db570f3e209",""
"268","laguric","7","",""
"269","kynik","7","",""
"270","kawheel","7","0xf4970fb8e000e04471b1e4a3d822aa67cc4bf509",""
"271","jake","7","0xdaf417418e58ddd0fd2c0bff528a1ae402b37b31",""
"272","itsarmana","7","",""
"273","gamblorik","7","0xa0fc072f5f7855b7ca418c03863d955649892610",""
"274","diamondhhands","7","0xdb656ae889306821fcd8b0256b4f66bced538d43",""
"275","aleksremont745","7","",""
"276","aethervand","7","",""
"277","viking","6","",""
"278","vibemaster","6","0x3a04ed4c0078ad6fc264d651521b83d2460307fb",""
"279","valercic","6","0xd73ae3d6af06234a91a9c3868139f40a3fcd20b7",""
"280","thew","6","",""
"281","thepeengwin","6","0x2ccff304ef578b238ee82e1d1d53c34e80b48ad6",""
"282","stickydinosaur","6","",""
"283","sololine","6","",""
"284","pandoro4ka","6","",""
"285","oppenheimer6","6","0xa66d57680c75e955cf9da0c10881cb8dedca35e2",""
"286","mkizzdboss","6","",""
"287","mederri","6","0x135638583343dc17f86ff54507efef2ef2250497",""
"288","maise","6","0x7228dc2a72d57406425a117f289e36197bb2ca34",""
"289","la0nchain","6","0x5259daf51a4311637216ece9c005e6f551114a4b",""
"290","kanuk32","6","0xcdb3e12cf713ea74b9b01b540acf2dc49355de8e",""
"291","jerrod00","6","",""
"292","hollowmere","6","0xf58d4f48b2f23517c089f988f8e1c2229a27ec26",""
"293","goodcat","6","0xc298a7661128b0bc530bdb2191f1a50d4281abe5",""
"294","endy1557","6","0xc517856d2f24fa9c4418df8946e2a1ad87ea5208",""
"295","ender","6","",""
"296","dkowal69","6","",""
"297","dabz","6","0x1f26a2ad539af9135b729ac492c559333b100624",""
"298","Crystavern","6","0x467316fb865ccc3a1b3973851aa3bc017d25306e",""
"299","copeingmekenism","6","",""
"300","berry","6","",""
"301","ao4044607","6","",""
"302","zerathion","5","",""
"303","vibebodega","5","0xa58c350913ddb78d8ddd645c9b109f7d1fb0b8b5",""
"304","tmcclardy","5","0x57c94db73ae5918754528eada385f7fc6d64b00f",""
"305","tavrion","5","",""
"306","takxochu","5","",""
"307","spartan","5","0x3514808d41f11e1d4b713f9ea5969e7ffd6284dc",""
"308","spacedfaceless","5","",""
"309","slaptoshi","5","",""
"310","shapal","5","",""
"311","shadowmere","5","",""
"312","sanya19","5","0x506aed2be611bc9ea3d8b76dee45f328114d6576",""
"313","rayan","5","0xf87f169690526b4e7700ef27aa202a4414db325d",""
"314","quorendale","5","",""
"315","pandorka","5","",""
"316","mrhekim9","5","",""
"317","monurohila","5","0x140a6bc5ab55d3ef238cbdb8696e28dc34a1b1da",""
"318","milkaligator","5","",""
"319","maladoy","5","0x5115f1660a73322329a0abc227cfa550674f9d6e",""
"320","lunavexis","5","",""
"321","loudydread","5","0xa65d8f6477dd536bbc10d1dfc15003ad743acc9f",""
"322","gringots","5","",""
"323","dort","5","0x6527391e468312c62e4f10138ee422a92f996b54",""
"324","dahlia123","5","0x5fd4fdf20a7d1ab5670a81b5618c01305c62339f",""
"325","crits","5","0x753cf57210d2be5239c26d8c5f0b30013398aa5f",""
"326","cooliouu","5","",""
"327","blanc","5","0xbca73110ed28c72a80a0020ba12650d2c212158f",""
"328","bladerunnerc721","5","0xc8d158356d69b439ae40b1c7d9bd7df8478eb98d",""
"329","bangseo","5","0x82249aae2b3402676f084c7fa36cae82ffb52601",""
"330","andark","5","0xc517856d2f24fa9c4418df8946e2a1ad87ea5208",""
"331","aley","5","0xf61467b750f98b40884e23dc051bb297dbc772b5",""
"332","alekssmurfi33","5","",""
"333","40plus","5","0x1dde0c529b5702bae42e0223c56b92a1a14d663b",""
"334","zztope","4","",""
"335","zyro","4","",""
"336","xola","4","",""
"337","whitejack","4","",""
"338","vibegeek","4","0x9c60e5cc2b9c017b693446bea871f86deb00d556",""
"339","uno","4","",""
"340","turgende","4","0x83cb6eea5070a9814c4f8226554a99db1da3f762",""
"341","tinnghia79","4","0xf4c739c80573db1228f35abe2682fc9e2be55d66",""
"342","ste3v3","4","",""
"343","solmavion","4","",""
"344","ser3009","4","",""
"345","ronnyguy","4","0x544071711d26867ee9e2bc6eb8146655da78e069",""
"346","rendzt","4","",""
"347","red84","4","",""
"348","pokraushku","4","",""
"349","pas090909","4","0x9e508a8055febfd97b3211683ba95ecd95c53758",""
"350","nolimit","4","",""
"351","nightwarden","4","",""
"352","muzyka","4","0x7413bdc9bab3cc2713de1f7e74341e613d0e0564",""
"353","mirazhokr","4","",""
"354","minarapall","4","",""
"355","miir","4","0x9a0f62b9a86187a03f4459d3130e9792eee8aeb9",""
"356","mamakowka","4","",""
"357","maison300","4","",""
"358","jpaysz","4","",""
"359","ijay","4","",""
"360","hellmyname","4","",""
"361","helios","4","",""
"362","frosthaven","4","0x28a1f4819a7e517d48f0c1b3fea79f5c89702f9d",""
"363","fackblock","4","0xb2d7715bd39968bf1964ddc4f197aa0ba99b4c58",""
"364","dourguy","4","",""
"365","Davuswho","4","0x2da40ce78682262d8024c76f614490c73b174340",""
"366","cryptobanters3","4","",""
"367","crazyhauser","4","0xd9650c2df34a688936891b8cfe353b157158f67e",""
"368","chad","4","0xcee0c9022120a24c720516247c8118c7be175ae8",""
"369","centurion","4","",""
"370","bracho","4","",""
"371","ataffer","4","0x8a9d5ea5ee5310403e8da85a4f9d2db6995a82d5",""
"372","aesr","4","0x2cc0e22612e526891c6353b4c4fedf8266e4f518",""
"373","a1exandro","4","",""
"374","vovaua","3","",""
"375","vibemasta","3","",""
"376","unc","3","0x5436443ef83ae236ecece9b56065624808ef32cb",""
"377","toptop","3","0x3eb1580abffa4a7196a7da351ccf069487632864",""
"378","toaddy","3","",""
"379","thornelith","3","",""
"380","specialk2k","3","",""
"381","slavuntich","3","",""
"382","sexualka","3","",""
"383","scorpio","3","",""
"384","sasha2703","3","0xb71667b32a69fb3712a7e0824bdea7cc146ccfcd",""
"385","sahirama","3","0x359842cd28b2cb58ee2f35a6abaf188367763eda",""
"386","rrr","3","",""
"387","rivenhart","3","",""
"388","rifkibandung","3","0x879016e093091b7dae292d2668c2c8d3705d0bfa",""
"389","remoaleks89","3","",""
"390","pusiak","3","",""
"391","peymank","3","0x36fa11f6715a5e440871f531030ee4e94d7b9309",""
"392","nochittking","3","0x9af6b35364c1c677bc8b54fd4c2db4752b2dcbe7",""
"393","mrgreenity","3","",""
"394","mooods","3","",""
"395","mcnft","3","",""
"396","maximusstokington","3","",""
"397","loko","3","0x11e20945b068ce6fa4cf865178e6e9ee8ef136c4",""
"398","ladatko","3","0x3ce83d4bc0ec8a825ea123ad81768ddba5a0d669",""
"399","kryptocevin","3","",""
"400","kratos","3","",""
"401","klopi","3","",""
"402","jrg1214","3","",""
"403","hystie","3","0xc409de9b341dbac065359cf053c3572e4976531b",""
"404","gakerman","3","0xb7b5d08aab60ac5187448095f17383e1228e7a65",""
"405","fraka123","3","0xcded00bb9a3663c1a16e6af50206edbfcf49aff0",""
"406","finlvnd","3","0x22c3f7add33053cf76e15c6ba89e4da74b974cf1",""
"407","erdinckk","3","0x0907b14771f2b04c5a4643e611d23f7e988bd35d",""
"408","dwebbs","3","",""
"409","duskalor","3","",""
"410","dubcno","3","",""
"411","dracko","3","",""
"412","dory","3","0x1fbbd9803f74d43aced0b10a9fca4fe61cb245e9",""
"413","cruzoe","3","",""
"414","bojozeph","3","0x86fe4bc2d9e4cf91ca207fc6da833ef505926bd0",""
"415","armani93","3","",""
"416","alex","3","",""
"417","abracadabra","3","0xfbc33d3d27dbad62ef139410e5c6e4a61cd911dc",""
"418","0xtonesone","3","",""
"419","0xkwoo","3","",""
"420","yura735","2","0x1c4ec58b06b4c4c06ed7a20a65d46a9f41a6cf11",""
"421","wifey_mediocreceo","2","",""
"422","web3tjk","2","",""
"423","vladvamp","2","0x05518813709d67d802cdc4f56ef42964b5e42dbb",""
"424","velmorith","2","",""
"425","tatitata","2","",""
"426","svan551","2","",""
"427","sulsully","2","0x9a93ae4f408a1e7d178650ca9f7ab2135c512eda",""
"428","stevez48","2","",""
"429","specialseeker2k","2","0x7e6492a3b59acebe5403fdb967185db3f074500b",""
"430","sousma91","2","0xdfe4879ea07d045eac99683278ddef4f4013ac32",""
"431","sisko","2","",""
"432","shah1","2","",""
"433","serhii","2","",""
"434","rorshrak","2","",""
"435","roachkilla1746","2","0xe0dd93e8f6bbe7133642cde68f5235cd412ee448",""
"436","razkhu","2","0x651e6bdb0b96dfc2763b30a25247da3e7211cf42",""
"437","ravenmirth","2","",""
"438","popkatbtc","2","",""
"439","playa","2","",""
"440","platinet","2","0x86c4fb8d84fee3ee0aa1597740d53e4273aa3402",""
"441","phewhe321","2","0x295bc2ef7aa8346c57a86da8f99fc7e73f1809f6",""
"442","patrio1989","2","",""
"443","pankord1","2","",""
"444","onchaintom","2","",""
"445","mtxmat","2","",""
"446","moonhot","2","0xf34c4f6ba8fb10ab7830f8e97e854b992ffe8efa",""
"447","mewtmax","2","",""
"448","mei","2","",""
"449","majorblazer","2","0x127c1df80c7426dbebb070e20d304c5dc6c169f3",""
"450","lestari","2","0x84103432d0dd69762f2b9d376ac14d3a3a5f78cc",""
"451","lams","2","",""
"452","kuchababla","2","",""
"453","korallo","2","",""
"454","kodya","2","0x077b7f3fbf2e144f9ba33b79fc565a46f0235297",""
"455","katagawa","2","",""
"456","izzzard","2","",""
"457","iwanwijayan123","2","0x64959cfde930d054fddcc52a54cf8d8f1dbf7884",""
"458","ierji","2","",""
"459","ibrahimeut","2","0x2a759febdedfdbe24791a7ba926dbe70540fe798",""
"460","hungnana","2","0x8d15eb13c100b7a432eb5df07b030b585fdc2eac",""
"461","hanzo8840","2","0xd8c57efe9fc8996c8915c5d4cf3e58462f8989d8",""
"462","gwillymane","2","",""
"463","gilotine","2","",""
"464","ghjkl1120","2","",""
"465","g-dog","2","0xa583f2737ffadb0efe9f07096b885fb850519e23",""
"466","forgeter","2","0x059b12bc0cec5e150398aec13560ea15060faf77",""
"467","fntxtz","2","0xf2204fd04a5417411411bff7840297547674ab4e",""
"468","flyers4eva","2","",""
"469","finalizhafiz","2","0xd0c720a934da8164d841a51ffec4c716355ae4ee",""
"470","evolution526","2","0xa1dd53a843231bfc57670ca41b3c2e850fdf6309",""
"471","evak360boss","2","",""
"472","eldravor","2","",""
"473","duckies","2","0xe61812e756cf33e576f4ca13c151860f3d8e08a9",""
"474","drcrypto","2","0x7e8184d0485d85b7f4de507aa006808b4ae99ca6",""
"475","drakemire","2","0x1b171bd88a933f51174c1e25d815cff82bb4ce0c",""
"476","dim8765","2","",""
"477","denniskrieg","2","",""
"478","degennaz","2","",""
"479","degenlyfe22","2","0xfe66532bc423c5e207a449598ded2eb75efb9764",""
"480","cubsfan333","2","",""
"481","cindrathen","2","",""
"482","charliesheen","2","",""
"483","charlieparker","2","",""
"484","castore","2","",""
"485","bsais3342","2","0x1d16a7ac04139796685e4e074f877e7dc7ff2b98",""
"486","bribery","2","",""
"487","bodega","2","",""
"488","bergenfox","2","",""
"489","behelfgg","2","0xc4ab908e06ee8b3f147691915694e46778d9753d",""
"490","becks","2","0x2c4d804e3b5ccc546afa5543ecc8e0b3bb6fd377",""
"491","ashenmoor","2","",""
"492","allgamer1","2","0x6b5bf95008840faf2d6c8051b5f0188475d59917",""
"493","alkspromo","2","",""
"494","aleks","2","0xedc3c920e6a9c0b2e35a4f8eadc6f852aaa5887f",""
"495","akabryanhall","2","",""
"496","yushazaheer","1","",""
"497","yaroslav1e","1","",""
"498","webguy","1","",""
"499","wales","1","",""
"500","vibe","1","",""
"501","vezunchyk","1","",""
"502","velorian","1","",""
"503","vanthelios","1","",""
"504","utatu","1","0xf8bf530755ee7d6b3307ab1265fc22ad3a661ef7",""
"505","uniquecol.eth","1","",""
"506","u_efu","1","",""
"507","tx.","1","",""
"508","twiz","1","0xdf19b8e52dc626e6e54dae7a1e6081ba6d866dc6",""
"509","tenx","1","",""
"510","tendy","1","0xf114702d3ca73d698379199b49d5e032121653f4",""
"511","staffermotorola","1","0x9ad6a465885c8e4abe0b5ee5912f9d043f5aabe6",""
"512","rj007","1","",""
"513","orinthal","1","",""
"514","orakul","1","",""
"515","nurtle","1","",""
"516","myravelle","1","",""
"517","moga","1","0x63e81b083e6f92688983d43e0a7ae8a872e363bc",""
"518","miztik","1","0x6559128a83b9c93281a53038b8810db349d61527",""
"519","michigon","1","",""
"520","mexicanote","1","",""
"521","maxton","1","0x84ec4edffc95f29f493d0a091d1b167806f53c0c",""
"522","masterkuni","1","",""
"523","masterkopium","1","",""
"524","marcodumitru","1","",""
"525","lukaylo","1","",""
"526","lucaroland.eth","1","",""
"527","leyba","1","",""
"528","leb_dumbs","1","0x671be92d915c712c57f122851f418f19e2fb4213",""
"529","layzzi","1","",""
"530","lavistaloys","1","0x0c4035a3e67a9979ab28d0bbe2a921a190dc09a1",""
"531","lapom","1","",""
"532","kostik2424","1","",""
"533","kompakoto","1","",""
"534","kls","1","0xd8c87e94fb377d597b1d4a535de0805604c50e46",""
"535","kany","1","",""
"536","jojo","1","",""
"537","jkjustplay","1","",""
"538","jhoss","1","",""
"539","jambert","1","",""
"540","hndrxx","1","",""
"541","gee","1","0x02d260ecfdf7c17b4fdb2ed9af52fb9d7c924e7d",""
"542","gabriel","1","0x099532f577a1e474a30d198551936c8a075efbe1",""
"543","gabo_alexandria","1","",""
"544","feranrepom","1","",""
"545","esteban011x","1","0x405ca6931d49bff3868fc0c0d751ba04e7ff0b3d",""
"546","donamir","1","",""
"547","dja","1","0x232650dea5d673f9ab0e85328c7964b1737948e7",""
"548","dimkat","1","",""
"549","dewa","1","",""
"550","denchyk","1","",""
"551","daddy","1","",""
"552","crislalat","1","0x76999d31a3cc8657f5df1bdf586818cd01094849",""
"553","cohn","1","",""
"554","chloeh","1","",""
"555","celvarion","1","",""
"556","calyndor","1","",""
"557","brimvalen","1","",""
"558","bhristmas","1","",""
"559","azistek","1","",""
"560","asta","1","",""
"561","andre","1","",""
"562","alexmegas","1","",""
"563","alex_sly","1","0x035a7b7e5cc8975ef6123287941dabbe86bc8433",""
"564","alenahoney","1","",""
"565","0xkwo","1","0x4971bcabd6641114ed880124bbdafa509293a0c7",""