rank,username,unique_pins,total_capsules_earned,wallet_address,created_at
"1","bunya","101","2114","0x26dd4199269bec9457f84adb029db917a910c711",""
"2","wyllt","101","1902","0x94c47ed35fd041953352cd483b66ad1dba05e31f",""
"3","humanizer","101","1635","0x07da53275190346f7e9b04254e412bba9c6d6b09",""
"4","btdwayne","101","1537","0xd341108b067cd308cf8cc7e13fb9982b0cba2f4e",""
"5","laserguy","101","1354","0x6ab1ac5c79193579ad7365b1f852c12ef45bd921",""
"6","adacrow","101","1203","0x91cb1ff4322559a5c5c67dba075ab081c255ba1f",""
"7","permaban","101","1168","0x0db1a9333791099e4c9e4655ccc8e845afd1aec1",""
"8","themullet.eth","101","1156","0x6c3d6d6038b40854b811b4dc8310c04aa68310c9",""
"9","matthieumdb","101","1111","0x5c0beb90cba6d32118104e356fd7176089517003",""
"10","peenjee","101","1061","0x48fc6aaf8f2df1aac292f7a699acfcb3be699164",""
"11","onward","101","937","0xb758e98c2c99883353d2ab34c4d7c550e4871aa9",""
"12","aynomi","101","851","0xa30d8814f1e45f59343886d4c10428f3d523217d",""
"13","booching","101","835","0x30e08ee6df646972f5fb1ece073a7aeb7b5091e7",""
"14","catriona","101","830","0x4bb2d016b90565612d81a7a4b1b80f49e652cf23",""
"15","wowg13698","101","784","0x0ed8ca2a16c27243c2a4f1180a921922e4b7f326",""
"16","alucardas","101","766","0x2f32836d3a175a1841d64dd46f0715697ef8fb0c",""
"17","mrcookies","101","737","0xe6b221eb84084cbf557465cb8972ce2eaca59382",""
"18","andreevnadasha","101","729","",""
"19","medvedev","101","708","0xf7c01b355e3e20806280d269851ba92c311fc25e",""
"20","panda","101","661","0xafcb27676fd4e2bf726587b1a40390c432f9d41d",""
"21","adjum","101","634","0xfc87adbc49931702544431f510163344fe9b57a2",""
"22","bassline81","100","904","0x21ffe04829c65e6656b9c156c7dade4c41025c1c",""
"23","slayer","100","844","0xaf14e2c4470b52431850633d06e840e5d7c2e8a6",""
"24","drfrankenvibes","100","815","0x3c0e5916b2f228eb237667f2ad895e0aaa7635a3",""
"25","spiraleye","100","796","0x9d6a9c45f49431076f2493621463fba511c96d39",""
"26","joafe82","100","787","0xd7fe95c58f8fcc7a762c7713653630e601f3b44f",""
"27","vdovinda","100","774","0x8c57d1fab10d4b78f49ef5c6abaeb76a63710f61",""
"28","b2ru","100","765","0x6b347a82fcac4e6a38d1fc40e3631bd8f9495e9f",""
"29","kitty","100","728","",""
"30","tylersmom423","100","716","0xf76a07f67e1f6f9db8ebba3ee9acb6b8933f89f0",""
"31","diman1687","100","711","0xadcfbc9c898ec737dda5bf6e580301d0afe37939",""
"32","adoslav","100","705","0x90d9e2d3f846924102f7233b304338f47fa2b7dd",""
"33","veroscryptos","100","693","0xd0fd6dbadb056e2c17f8e36c503f7ab006fab0bb",""
"34","petroart","100","685","0xa979a2f41728e61e86e7787b9836068281932b73",""
"35","veronicamonacry","100","670","0x5f00955b3c03f2bcdb3ea0a8ee678d55abede9aa",""
"36","gorbantolikk","100","667","0x1a103fcfb724093202914f6cf3d533643a3346c3",""
"37","tutsya","100","663","0xc3a6f32c13d1400ff5cdc5bffd07a29268b7ba3b",""
"38","christinashakhtar","100","651","0xf753bc02be9397ff880066f97abc163f43e4cc9a",""
"39","mkt50","100","636","0x3e0998e9fcbd992d36239d5c5ad182d2b5cfb00b",""
"40","otan4841","100","606","0x0687d1d724d5439ee2455323a3b3eaa4af11176c",""
"41","swivaljaw","100","606","",""
"42","peternovakxx","100","601","0x40e620e996e5f87690c72767975e321647aa6f73",""
"43","dankochen","99","954","0x20134c1447fda725e61891d22428e826f946502f",""
"44","gintonic","99","884","0x67908205f12d29ecda5becaaf51291e78237f90a",""
"45","jordankallman","99","825","0x6f3e619ebb91007803fa258589ceeaf2be939881",""
"46","hashi","99","797","0x0e34256ce6d85d04ff192e4bf9c40994ad901e30",""
"47","vibetoshi","99","784","0xf42bea3d14951a476a7c58ca38524c408142c269",""
"48","iceon","99","738","0x5d1f4f1e99a9d0866be15d7300b9ac2970e232d4",""
"49","yelena","99","728","0x82979f5db04a6a9daacfbf1dd513f792b7872095",""
"50","fugem","99","721","0x7d7370f3b18adec3ba99482a1ba02657725ac1db",""
"51","ruslana","99","710","0x392d605197126219d5ad8dfce75af05c7d5be422",""
"52","belovairina","99","706","",""
"53","georgstov","99","676","0x20f2c72cdb102cb53eb36eed056b97d3fd916931",""
"54","aleksshpulin","99","674","",""
"55","figster","99","663","0x9b2f12393217b6a0d1fa10ceb7aa49858edeffe5",""
"56","bomefer600","99","645","0x4c38a90b0546ad041df898b20e64d95be8cf0547",""
"57","dadutch","99","638","",""
"58","timvow","99","632","0xd65222e7fbde1b30d77dc2b55595c0657c58b4a5",""
"59","sofa4813","99","620","0x18c2db663ba37e059bea631d4bc6e9c0c3adb8fa",""
"60","denbonnsa","99","602","0x1b4ddb1b4416d35d4910c8f7443042bc5c657ea2",""
"61","nullstake","99","601","0xdce62b21a8b1a9b39dd3ded27c876d416cc91b3e",""
"62","raketa","99","578","0x9e702ade7d608b689af5b6c156621607ef11ee22",""
"63","roybread","99","571","0x040ec8f6fb92e90709a2f82eeb7ef2354102b0aa",""
"64","buffet","99","562","0x9c81235b2fda4687e0159b19f56e835712ab0a8a",""
"65","soccermom","99","533","0x7237436c0b1975c2d44b0982d43572a2a7deaf40",""
"66","megabars1k","99","511","0x24430ae18740eea33f2c605fac08847e787cb21a",""
"67","cardarn97","99","474","0x2e6ef714225ae97647305fe6e3d23adebf95161f",""
"68","gglib","99","447","",""
"69","sakura","98","804","",""
"70","pinstripedgator","98","729","0x77039399801f462b4ed13444a266b16355c471bf",""
"71","sabinak","98","715","",""
"72","valeriiaaa","98","707","0x0154fd4eadc98806a5cf6009e953eb3359d6017e",""
"73","vogters","98","706","",""
"74","movki","98","697","0xa6da0698779c9ce5a3c468b3406b6cbe2c472b8b",""
"75","sukoed","98","693","0xcc6a99b3cea642acc1907c9beb30195c3e85cc52",""
"76","doxts","98","684","0xf4c6a0ef39756484b2ba8dcb81d476f02d270fe0",""
"77","typester","98","680","0xf85e10a15fcc0b7cb5e36a2f8237b9d121121bc2",""
"78","emerge400","98","677","0xf74aca4636bfca54d65ba526966ed8924da708f9",""
"79","justd","98","670","0xa333b510ec313ea1f26b5d9b50793547ca73d99d",""
"80","chimkens112","98","662","0x7731367769c80583ab5c0ed294ab52464a9fb613",""
"81","cryptobat5814","98","662","0x914c13c8fbac8ffce88bda82d1f7eda70cd8f868",""
"82","globitx","98","654","0xa0045e50d709cd90ad51890c921ff6520d94827c",""
"83","mrmossel","98","615","0x47b27f983b32d179997505d31c3320bbd244256c",""
"84","evadarmosa","98","608","0x949be0930da4091a5d3422f38b2b1090ad77964d",""
"85","gangsterstar880","98","601","0xa889371a3b21f7cc343148b7dfd3f10af8c0ca23",""
"86","rebuz","98","589","0x373b937836c2dfc048cf8484f0465e6f37aa8efd",""
"87","greystonesben","98","580","0xc8788e47632167d8642e7d14d9ec056127a3a066",""
"88","neumann","98","547","",""
"89","dallaskiy","98","492","0x1a9a84841fc9af5cf2e4792c24a631ed7a32b316",""
"90","valyakokas","98","460","",""
"91","nicolemerraf","97","689","0x401e16f10843531628ccac1a08a0f47097e41cf4",""
"92","badogos.nft","97","667","0x9ad1089943b6fe90d930426f1d8db095321aa666",""
"93","innappva","97","659","0x399fcb7ec85ae1649cfa33bd2593ce29c255524f",""
"94","duftendespiggu","97","638","",""
"95","semag","97","626","0x6a1409fe3a4a9ec17552db96d2b82c2d21bda86a",""
"96","sergborovon","97","590","0xc0c9169f5a726fcfa12dfe953c22dc7801c554ef",""
"97","meowwww","97","589","",""
"98","darton","97","574","0x5b63b2e36f479a2092c98dbf43ae3de0450c98ed",""
"99","boombo","97","569","0x0fc4acb5ceb9f2c681bf4da557fc4040ea66aef1",""
"100","sknv1966","97","568","",""
"101","onix","97","552","0x650665cfe3a4bf0fb2c56c62527ecd856c3d7a23",""
"102","gadzho","97","502","0xc6918741471a278ab93fbde809bfcf30aa1b11f6",""
"103","neodallas","97","481","0xcd83c5970f8b92142ef6db1ccadac68f01df1c44",""
"104","verm1k","97","472","0xbf4fa8c6a80c2afc8996475599db8fc23a0e961a",""
"105","johnny","97","396","0xa799cf9a9242eb89d77a61571fb14502f6ba453c",""
"106","heylen","96","648","",""
"107","panda___","96","599","",""
"108","fvck_avatar5546","96","598","0x2c956980bac5da1ae63dd0d4c82705330842a686",""
"109","shpek","96","585","",""
"110","yoroi45","96","578","0x52ce073dca2577f0d96900bebd081fc022e2eeae",""
"111","dragomax","96","556","0x48126c48f9ea786e44e2da83de614f601abdac2f",""
"112","karasik","96","547","0x34c734bf1c4efc47815fb9e11d8a63a3d6067a3a",""
"113","jjjj","96","545","0xbec0d5ea672ef172aaff3ccfdfbebed1d22cc8a8",""
"114","dronon","96","536","",""
"115","matheuscelen","96","513","",""
"116","elen","96","492","",""
"117","gabo","96","492","0x5fbfca19baf5a893bca81987cd1d27e76ad3e2bd",""
"118","ssdw","96","488","0xb87c4158b4a5766d67aa8591064bbe5126823514",""
"119","thepeengwin","96","468","0x2ccff304ef578b238ee82e1d1d53c34e80b48ad6",""
"120","mrp","96","380","0xdbdb4465314cdf3f92417e2c9af78b4d64062f00",""
"121","cazsreyem","95","611","0xff1697cd18f03242ea521a80334a9060f0c25c7a",""
"122","grooverider","95","600","0xd2fb541e6a6d8e19327058bc75d81795af7dcc0d",""
"123","etoad","95","571","0xa64ad28b1ec843974be580a2b9312671dcabea21",""
"124","dmcoach","95","553","0x35dba6048d9157ca8205e36d13b7deb6e4fa7547",""
"125","yofia","95","547","0x9891b4d3ee1eaf727037fdf40713bd867aec3c56",""
"126","bflo","95","517","",""
"127","andrei46","95","494","",""
"128","velocity9i","95","482","0x1a81229f1d279b13023bd74526facc5f9fb1b854",""
"129","mudryy","95","468","0x5c43f4b22e329dc6f3ea347c34953e924576c056",""
"130","luckmode","95","447","",""
"131","kassatka","95","422","0xdf2adf272e40fe277321b21aa58ddccc3bc648ee",""
"132","valyaf","95","403","0x945be2fe235fea69498f04c25fe09c0181cbd4cd",""
"133","kukuxaedet","95","373","",""
"134","chrissi905","94","611","",""
"135","charles","94","553","0x819fbb2d9880d23792fd9d1cde4c153bf9956344",""
"136","digikelly","94","538","0x53358572a2dabea7b51d27535c67eae7d8c40bb5",""
"137","ronni","94","508","",""
"138","zdunsky","94","481","0xd4193a41aab069d4facffac8ebb8a5a1f45b64c3",""
"139","afindubai","94","479","0x325f3e52bb8529352091a268f60750ba5a978cc4",""
"140","attikasu","94","476","0xf69b16aa5fdfa2142608932083830c4c49aa4de8",""
"141","boston","94","463","0xa5b7a2af41e16bbe53b0b998add1d7b939c24093",""
"142","oxy","94","457","0x70a39f36daa7fc7ede1c43c1c5e5ac2b8eae5c66",""
"143","barron","94","453","0x3fe159385b8028ab917bb9668240a388cf770639",""
"144","terriblart","94","427","0x51f620cea90d817a4e4def15f1c96f5083486a34",""
"145","egdf","94","412","0x75d75239613fe2b979c14cb0948ab11fda52eeea",""
"146","howdy","94","412","",""
"147","maticavibe","94","392","0x97e7783f292384a519b34042c8f40661e30cca39",""
"148","nicro","94","392","0xbbc11cdfe8cc5d56d2e4671f265374703b2b1be7",""
"149","1den4ik1","94","376","0x59cad9596dc8dc6b6dd2c7b44a31cd4d752d006c",""
"150","www","94","368","0x18c279bbe4336a6bc7b2be50ffdc4eac1f51d742",""
"151","redscorpio24","94","367","0xdab5fd52993f85bf0e2c18e6d0bf408f5ab24d00",""
"152","DIEGO","93","534","0xc7d98e9479fd6e3e00490b0b2e1ac7a877421631",""
"153","dofa","93","510","0xfed437c5b9642f69890dd4659d2e834251492d95",""
"154","gnz0","93","432","0x0871e6872f0cdeb32eb013648a76575b4d2dba80",""
"155","sawyers","93","431","0x3bc1d93eeb13817b22a6f8723879239497aab388",""
"156","molodec1","93","421","",""
"157","kolya","93","418","0xce9600f80bd92788df3617ceda9bfa45043a51d1",""
"158","stenamu","93","413","0x1c9aa5c14e6ad1203831f5b5ac98da50eeca1328",""
"159","ugo","93","403","",""
"160","gdog","93","370","0xa583f2737ffadb0efe9f07096b885fb850519e23",""
"161","stuffkeithbuys","93","364","0x3273e60b1a68dad08362fd7fc60b9aa5c16de6ca",""
"162","thew","93","290","",""
"163","reef","92","521","0x3dd258caf1e6123654acf2922521e04032d31c25",""
"164","economist","92","509","0xac1e7beae9fcf9b4f294cd534cd0b1ae1ef44793",""
"165","krionish","92","435","",""
"166","exp104er","92","423","",""
"167","nertonkey","92","409","",""
"168","risioja","92","398","0x5224b95d737b88b44d0e3f3949d2fa3cc2301d7f",""
"169","bladerunnerc721","92","270","0xc8d158356d69b439ae40b1c7d9bd7df8478eb98d",""
"170","tranex","91","450","",""
"171","bertondog","91","400","",""
"172","duemers","91","392","0x7e8dec1092f7fac6ad0803568505f59ba658dc94",""
"173","roman","91","385","0x3a06056277c4498c11793ad0c49dea849ea2068e",""
"174","la0nchain","91","379","0x5259daf51a4311637216ece9c005e6f551114a4b",""
"175","ssv66","91","359","",""
"176","novak","91","306","",""
"177","aleks947","91","296","",""
"178","mk5455","90","440","0x46783e47ba77781d1f29272be9f1a6daa14e4c1f",""
"179","mrshossette","90","430","0x6d09045afc3c38b225fa558fae46d71e58780876",""
"180","secret-stash","90","402","0x2afbad9b7c9213b642621a5e4e8eb1ce21339e71",""
"181","wave115","90","399","",""
"182","gitea","90","397","0x28f67819d2dd454722a33388afadfbf970af8903",""
"183","sceniczero","90","395","",""
"184","mauxfaux","90","374","",""
"185","leodoto","90","367","0x22919d0c95f59c7f86331d6992cf873ee7a64f00",""
"186","broncinbuck","90","356","0x7e36c0afa568c014a3c0d88a8cb0b83219a3a13a",""
"187","dotten","90","328","0xf4b635a578f34b0f4d22ec7923e1a9f15a964e1b",""
"188","heraldoff","90","327","",""
"189","dans55b30","90","323","",""
"190","howaraang","89","402","0xfb34a66aa669256c8c0479e32015c3e531d56e68",""
"191","spacebug","89","398","0x34816b3df346ab26077e32a6749a4e117fea6a0d",""
"192","missyounowhere","89","376","0xf02245bd823da35aa3a5c661e9174dfbabc2fa3f",""
"193","shrike","89","375","0xf2c2ad0a49f2c32bc2072927363ef52a3ade0c09",""
"194","alexugu","89","367","0x47afde22d6ca9ea3d49c07f398575ddd5304e338",""
"195","hoholurod","89","349","0x4607c13a0480862dd257dba439d902c93ba8f7d9",""
"196","nlogard","89","336","0xe47db850e78c96f3778ab26cc5ed056a361a655c",""
"197","valercic","89","292","0xd73ae3d6af06234a91a9c3868139f40a3fcd20b7",""
"198","olyly","88","398","",""
"199","rringo","88","394","",""
"200","dirtybenchez","88","393","",""
"201","nxd1n3","88","376","0x834144a4c726a049ae890d0c3fe0fe7b33ba2620",""
"202","rizzy","88","351","0x2c2d43cdfdc1cd3afe6a32c7988f25f899685bb8",""
"203","Tanimal","88","320","0x2acd5c7d45a8421ae1fa15dce68316941b64ff4e",""
"204","iris555","88","311","0xb11c435bb94b6d763ff6ca3365e002e4ce1482ba",""
"205","wowe","88","305","0xa76c70d735e47da7e74b138f78f77136713b71a1",""
"206","luuucaaas","88","277","0x31ca6a61ebd6f6118fd9ce6c743a281e2474a843",""
"207","vibebodega","88","269","0xa58c350913ddb78d8ddd645c9b109f7d1fb0b8b5",""
"208","punchesss","87","426","0x202e3cafeecb9473f5e6510c19fb110747cfe0ab",""
"209","daywest","87","340","0xb2d7715bd39968bf1964ddc4f197aa0ba99b4c58",""
"210","ezybrezy","87","339","0xde5054899e767c3f3ff362f94da545642ba03f3c",""
"211","alessandro","87","333","0x060d9d928c9ff31185d909c8faacedc0783100e0",""
"212","jinbe","87","326","0x5364030b7e8b2276fc04b97beb71bd699a71c419",""
"213","lowbudget","87","308","",""
"214","bloxx","87","283","",""
"215","kqrix","87","268","0x1dc4bf9dd18ca1105c6a257f5b7a526187eaf31a",""
"216","generalfenn","86","388","0xe821aedd628d9e303043ca569ceafff13c4ea03c",""
"217","loki","86","351","0x2487e611ff876c101dd2b31758102953f4760af5",""
"218","money","86","350","0x666d254b723ce08978efa1715978767e23df6126",""
"219","traxar69","86","337","",""
"220","bobbyau","86","327","",""
"221","gothsa","86","314","0x661d9f3d1ccd4a6602a54292f789f4c71721f66f",""
"222","chooseshees","86","310","",""
"223","tom","86","304","0x23ae79881ca5d3c06422bb42e496f14c801060c1",""
"224","neongandalf","86","295","",""
"225","yavityai","86","289","",""
"226","cryptospb","85","382","0xde96e75c7160d70a447a72afdb75ddfa1455c808",""
"227","40plus","85","332","0x1dde0c529b5702bae42e0223c56b92a1a14d663b",""
"228","vibeclubboss","85","324","0x3b236a498da3f00adb280876440fb19ec3347401",""
"229","pike","85","320","0x7efebbb67503bdbddf2c05bcc6cf17259f78faca",""
"230","alenaera","85","309","0x2212b160a8f2bac367cf03b8d07b2da9ffc39483",""
"231","alinka","85","309","0x5a04483495fad40e9192f1e13791832d4f89736a",""
"232","rorshrak","85","294","",""
"233","draoge","85","289","0x36fdc3962fa113e1269b506aa52f52dffeb39bcb",""
"234","mediocreceo","85","283","0x6d621ae05e58f3216e783b619dc9ccd81d5db9f6",""
"235","galinaleo","85","263","0xc7882a4a81c55241fae2a709126850199427a6b0",""
"236","the9","84","302","",""
"237","resistance","84","295","0xeef949100d8fece0889cbccf8768dd60388472d1",""
"238","kawheel","84","286","0xf4970fb8e000e04471b1e4a3d822aa67cc4bf509",""
"239","andark","84","268","0xc517856d2f24fa9c4418df8946e2a1ad87ea5208",""
"240","jed","83","310","0xd566e6273043f7d60e616a701ebb0ad6816f1957",""
"241","kathrin","83","287","0x4f9e9e4a075614ade3e181893f396959b2f55f94",""
"242","lgs","83","278","0x3730ac4e22e893159daf6902a32be937a70d0ffc",""
"243","jelizaroeeqc","83","255","0x02cd5a786edf06e563872b4fc30cbd2d61ddbc74",""
"244","berry","82","282","",""
"245","vibemaster","82","263","0x3a04ed4c0078ad6fc264d651521b83d2460307fb",""
"246","dort","82","256","0x6527391e468312c62e4f10138ee422a92f996b54",""
"247","aigo","82","255","0xd0c720a934da8164d841a51ffec4c716355ae4ee",""
"248","laguric","82","236","",""
"249","itsarmana","81","242","",""
"250","kynik","81","240","",""
"251","viking","81","211","",""
"252","vibegeek","81","199","0x9c60e5cc2b9c017b693446bea871f86deb00d556",""
"253","maison300","80","254","",""
"254","fackblock","80","248","0xb2d7715bd39968bf1964ddc4f197aa0ba99b4c58",""
"255","mykytazp","80","245","0xe86e0a3b9aca7fccc93afc5fb45d9bf22419f87d",""
"256","hattimon","80","244","",""
"257","alekssmurfi33","80","228","",""
"258","uniq","80","227","0x85011fe8cece70112a0ad6f6ac26623f0e220870",""
"259","jake","80","184","0xdaf417418e58ddd0fd2c0bff528a1ae402b37b31",""
"260","bry","79","294","0x6b749c62d907d7ef66e9438e231070070e22b4bd",""
"261","kanuk32","79","261","0xcdb3e12cf713ea74b9b01b540acf2dc49355de8e",""
"262","werty","79","239","0x73da485cd75fd51429dd89a2042b472116546640",""
"263","jimleja","79","227","",""
"264","zloyarab","79","220","",""
"265","reemsterx","79","217","",""
"266","zenad","79","197","",""
"267","peymank","79","193","0x36fa11f6715a5e440871f531030ee4e94d7b9309",""
"268","moonrelium","79","186","0x0fbec24786881a66b345f8c30ae9420de84d6315",""
"269","lighterlfg","78","228","",""
"270","diamondhhands","78","218","0xdb656ae889306821fcd8b0256b4f66bced538d43",""
"271","vibekratos","77","311","0x68cfba5319b8487ca9143f892067fe406c1f7314",""
"272","0xtonesone","77","237","",""
"273","crazyhauser","77","226","0xd9650c2df34a688936891b8cfe353b157158f67e",""
"274","jerrod00","77","219","",""
"275","problemfinder","76","274","0x6080bd348fda94d1c0a5db3fb180aa2830c06b23",""
"276","aleksremont745","76","208","",""
"277","endy1557","75","248","0xc517856d2f24fa9c4418df8946e2a1ad87ea5208",""
"278","ste3v3","75","211","",""
"279","goodcat","75","192","0xc298a7661128b0bc530bdb2191f1a50d4281abe5",""
"280","bananacoolman","75","188","",""
"281","dkowal69","75","188","",""
"282","nolimit","75","183","",""
"283","m0therhack3r","74","253","",""
"284","cooliouu","74","213","",""
"285","vibemasta","74","201","",""
"286","masterkopium","74","168","",""
"287","klopi","74","153","",""
"288","uno","73","259","",""
"289","nochittking","73","235","0x9af6b35364c1c677bc8b54fd4c2db4752b2dcbe7",""
"290","teacher96","73","215","0x33d5e26b65b9edb23958afd5f076c75316d31bdb",""
"291","papich","73","209","",""
"292","ender","73","173","",""
"293","mamakowka","73","169","",""
"294","aethervand","73","152","",""
"295","stormork","72","235","0x9a9d66564ca6e151d636e6f59006b47730afb679",""
"296","gamoraseven","72","228","",""
"297","beijingdou","72","187","",""
"298","sanya19","72","176","0x506aed2be611bc9ea3d8b76dee45f328114d6576",""
"299","frosthaven","72","175","0x28a1f4819a7e517d48f0c1b3fea79f5c89702f9d",""
"300","quorendale","72","149","",""
"301","dabz","71","194","0x1f26a2ad539af9135b729ac492c559333b100624",""
"302","Crystavern","71","190","0x467316fb865ccc3a1b3973851aa3bc017d25306e",""
"303","copeingmekenism","71","179","",""
"304","crits","71","172","0x753cf57210d2be5239c26d8c5f0b30013398aa5f",""
"305","zombe3232","71","172","0xfe1d2b89b55413968b6d1d501e1cd5a0f9160054",""
"306","atarigod","71","154","0x7b2c7a4ac373c159c7d6009b036e7d7904579bac",""
"307","evilarthas","70","198","",""
"308","dracko","70","182","",""
"309","sousma91","70","182","0xdfe4879ea07d045eac99683278ddef4f4013ac32",""
"310","dahlia123","70","180","0x5fd4fdf20a7d1ab5670a81b5618c01305c62339f",""
"311","mederri","70","178","0x135638583343dc17f86ff54507efef2ef2250497",""
"312","whitejack","70","167","",""
"313","zyro","70","160","",""
"314","takxochu","70","154","",""
"315","zerathion","70","145","",""
"316","pseudosoap","69","217","",""
"317","degennaz","69","153","",""
"318","hystie","69","147","0xc409de9b341dbac065359cf053c3572e4976531b",""
"319","pandorka","68","214","",""
"320","maise","68","185","0x7228dc2a72d57406425a117f289e36197bb2ca34",""
"321","maladoy","68","180","0x5115f1660a73322329a0abc227cfa550674f9d6e",""
"322","callmedaddymfer","68","162","0x3569a929293ba38ab1482e102c8089b46d79d4f4",""
"323","hellmyname","68","157","",""
"324","gamblorik","68","154","0xa0fc072f5f7855b7ca418c03863d955649892610",""
"325","toaddy","68","147","",""
"326","ao4044607","67","142","",""
"327","aley","67","139","0xf61467b750f98b40884e23dc051bb297dbc772b5",""
"328","tinnghia79","67","136","0xf4c739c80573db1228f35abe2682fc9e2be55d66",""
"329","gwillymane","67","117","",""
"330","fraka123","66","161","0xcded00bb9a3663c1a16e6af50206edbfcf49aff0",""
"331","hollowmere","66","159","0xf58d4f48b2f23517c089f988f8e1c2229a27ec26",""
"332","fancyboy","66","149","",""
"333","jhoss","66","144","",""
"334","kodya","66","110","0x077b7f3fbf2e144f9ba33b79fc565a46f0235297",""
"335","tmcclardy","65","190","0x57c94db73ae5918754528eada385f7fc6d64b00f",""
"336","drakemire","65","168","0x1b171bd88a933f51174c1e25d815cff82bb4ce0c",""
"337","pandoro4ka","65","168","",""
"338","lunavexis","65","143","",""
"339","shadowmere","65","138","",""
"340","specialseeker2k","65","136","0x7e6492a3b59acebe5403fdb967185db3f074500b",""
"341","mtxmat","65","126","",""
"342","bangseo","64","166","0x82249aae2b3402676f084c7fa36cae82ffb52601",""
"343","mkizzdboss","64","152","",""
"344","sisko","64","145","",""
"345","pokraushku","64","140","",""
"346","oppenheimer6","64","116","0xa66d57680c75e955cf9da0c10881cb8dedca35e2",""
"347","solmavion","63","174","",""
"348","kekeke","63","167","",""
"349","remoaleks89","63","146","",""
"350","nightwarden","63","145","",""
"351","kratos","63","140","",""
"352","myravelle","63","138","",""
"353","jojo","63","134","",""
"354","blanc","63","131","0xbca73110ed28c72a80a0020ba12650d2c212158f",""
"355","sulsully","63","130","0x9a93ae4f408a1e7d178650ca9f7ab2135c512eda",""
"356","ierji","63","118","",""
"357","spacedfaceless","63","114","",""
"358","alkspromo","62","162","",""
"359","sexualka","62","140","",""
"360","kryptocevin","62","139","",""
"361","alex","62","136","",""
"362","snackiy1994","62","136","0x1d63ea9c661ee0cd49d8ad85cd9bc38f9f60da9f",""
"363","jrg1214","62","135","",""
"364","ladatko","62","135","0x3ce83d4bc0ec8a825ea123ad81768ddba5a0d669",""
"365","sonadam388","62","128","0x31637515efac2a59595d0db6d55e45e24bb97e19",""
"366","bsais3342","62","113","0x1d16a7ac04139796685e4e074f877e7dc7ff2b98",""
"367","dourguy","61","148","",""
"368","meongkit","61","136","0xaf5403943882a174b60be19d2c6c7db570f3e209",""
"369","evolution526","61","116","0xa1dd53a843231bfc57670ca41b3c2e850fdf6309",""
"370","morrowfall","60","148","",""
"371","slavuntich","60","131","",""
"372","degenlyfe22","60","126","0xfe66532bc423c5e207a449598ded2eb75efb9764",""
"373","muzyka","60","108","0x7413bdc9bab3cc2713de1f7e74341e613d0e0564",""
"374","charliesheen","59","160","",""
"375","kuchababla","59","154","",""
"376","bracho","59","146","",""
"377","jack269op","59","121","",""
"378","gringots","59","117","",""
"379","sololine","59","117","",""
"380","zztope","59","115","",""
"381","tavrion","58","135","",""
"382","mirazhokr","58","117","",""
"383","monurohila","58","116","0x140a6bc5ab55d3ef238cbdb8696e28dc34a1b1da",""
"384","gee","58","115","0x02d260ecfdf7c17b4fdb2ed9af52fb9d7c924e7d",""
"385","hungnana","58","110","0x8d15eb13c100b7a432eb5df07b030b585fdc2eac",""
"386","ghjkl1120","58","99","",""
"387","cryptobanters3","57","154","",""
"388","rivenhart","57","133","",""
"389","slaptoshi","57","131","",""
"390","vibe","57","98","",""
"391","alexmegas","56","141","",""
"392","web3tjk","56","138","",""
"393","jpaysz","56","129","",""
"394","shapal","56","122","",""
"395","dwebbs","56","121","",""
"396","pas090909","56","116","0x9e508a8055febfd97b3211683ba95ecd95c53758",""
"397","ijay","56","110","",""
"398","vovaua","56","97","",""
"399","finlvnd","56","95","0x22c3f7add33053cf76e15c6ba89e4da74b974cf1",""
"400","ashenmoor","55","135","",""
"401","nocterion","55","135","",""
"402","velmorith","55","131","",""
"403","duskalor","55","126","",""
"404","mrhekim9","55","109","",""
"405","calyndor","55","107","",""
"406","miir","55","96","0x9a0f62b9a86187a03f4459d3130e9792eee8aeb9",""
"407","helios","54","148","",""
"408","ravenmirth","54","133","",""
"409","mjeezy12","54","128","",""
"410","mooods","54","99","",""
"411","chad","54","98","0xcee0c9022120a24c720516247c8118c7be175ae8",""
"412","loudydread","54","94","0xa65d8f6477dd536bbc10d1dfc15003ad743acc9f",""
"413","sasha2703","53","116","0xb71667b32a69fb3712a7e0824bdea7cc146ccfcd",""
"414","iwanwijayan123","53","96","0x64959cfde930d054fddcc52a54cf8d8f1dbf7884",""
"415","chopperua","53","91","",""
"416","centurion","53","84","",""
"417","rayan","52","105","0xf87f169690526b4e7700ef27aa202a4414db325d",""
"418","majorblazer","52","97","0x127c1df80c7426dbebb070e20d304c5dc6c169f3",""
"419","mark98","52","93","0x918048e798d66127543ee7850ac74cc7a5b62098",""
"420","popkatbtc","51","156","",""
"421","miserymi","50","154","",""
"422","evak360boss","50","110","",""
"423","ser3009","50","106","",""
"424","pusiak","49","155","",""
"425","crislalat","49","102","0x76999d31a3cc8657f5df1bdf586818cd01094849",""
"426","minarapall","48","156","",""
"427","aesr","48","101","0x2cc0e22612e526891c6353b4c4fedf8266e4f518",""
"428","stickydinosaur","48","97","",""
"429","staffermotorola","48","91","0x9ad6a465885c8e4abe0b5ee5912f9d043f5aabe6",""
"430","specialk2k","48","83","",""
"431","orinthal","47","165","",""
"432","twiz","47","88","0xdf19b8e52dc626e6e54dae7a1e6081ba6d866dc6",""
"433","rifkibandung","47","87","0x879016e093091b7dae292d2668c2c8d3705d0bfa",""
"434","armani93","47","78","",""
"435","finalizhafiz","47","78","0xd0c720a934da8164d841a51ffec4c716355ae4ee",""
"436","mohican","47","68","",""
"437","theluckyspe","47","67","",""
"438","spartan","46","79","0x3514808d41f11e1d4b713f9ea5969e7ffd6284dc",""
"439","turgende","46","73","0x83cb6eea5070a9814c4f8226554a99db1da3f762",""
"440","alex_sly","46","71","0x035a7b7e5cc8975ef6123287941dabbe86bc8433",""
"441","ataffer","46","68","0x8a9d5ea5ee5310403e8da85a4f9d2db6995a82d5",""
"442","pankord1","45","156","",""
"443","milkaligator","45","94","",""
"444","zhahan","45","82","0x3f583f071187fa65f0bd79bc1329f36d455697b0",""
"445","loko","45","81","0x11e20945b068ce6fa4cf865178e6e9ee8ef136c4",""
"446","bergenfox","45","78","",""
"447","petisy","45","73","",""
"448","wales","44","85","",""
"449","kany","44","59","",""
"450","serhii","43","78","",""
"451","denchyk","43","76","",""
"452","gakerman","43","75","0xb7b5d08aab60ac5187448095f17383e1228e7a65",""
"453","kakoipribor","43","75","0x1df3c8e669e40cb2824920137f1b6600d906d7a6",""
"454","forgeter","43","74","0x059b12bc0cec5e150398aec13560ea15060faf77",""
"455","moga","43","66","0x63e81b083e6f92688983d43e0a7ae8a872e363bc",""
"456","maximusstokington","42","103","",""
"457","hanzo8840","42","84","0xd8c57efe9fc8996c8915c5d4cf3e58462f8989d8",""
"458","razkhu","42","74","0x651e6bdb0b96dfc2763b30a25247da3e7211cf42",""
"459","gabo_alexandria","42","69","",""
"460","tatitata","42","64","",""
"461","arsenkoo","42","57","",""
"462","a1exandro","41","69","",""
"463","korallo","41","67","",""
"464","maxton","41","67","0x84ec4edffc95f29f493d0a091d1b167806f53c0c",""
"465","toptop","41","67","0x3eb1580abffa4a7196a7da351ccf069487632864",""
"466","patrio1989","41","66","",""
"467","azistek","41","61","",""
"468","bribery","40","76","",""
"469","rendzt","40","71","",""
"470","Davuswho","40","70","0x2da40ce78682262d8024c76f614490c73b174340",""
"471","akabryanhall","40","68","",""
"472","dory","40","67","0x1fbbd9803f74d43aced0b10a9fca4fe61cb245e9",""
"473","tenx","40","64","",""
"474","lams","40","55","",""
"475","thornelith","39","152","",""
"476","ronnyguy","39","90","0x544071711d26867ee9e2bc6eb8146655da78e069",""
"477","ibrahimeut","39","75","0x2a759febdedfdbe24791a7ba926dbe70540fe798",""
"478","bodega","39","59","",""
"479","platinet","39","58","0x86c4fb8d84fee3ee0aa1597740d53e4273aa3402",""
"480","tendy","39","56","0xf114702d3ca73d698379199b49d5e032121653f4",""
"481","brimvalen","38","127","",""
"482","leb_dumbs","38","58","0x671be92d915c712c57f122851f418f19e2fb4213",""
"483","tx.","38","52","",""
"484","uniquecol.eth","37","62","",""
"485","allgamer1","37","57","0x6b5bf95008840faf2d6c8051b5f0188475d59917",""
"486","andre","37","55","",""
"487","kls","37","53","0xd8c87e94fb377d597b1d4a535de0805604c50e46",""
"488","kaydenn","37","51","0xa7cc5bad3d643b216731dcf281a547b9379a2e30",""
"489","aurelstone","36","140","",""
"490","mei","36","58","",""
"491","mewtmax","36","57","",""
"492","duckies","36","53","0xe61812e756cf33e576f4ca13c151860f3d8e08a9",""
"493","hndrxx","36","53","",""
"494","denniskrieg","36","47","",""
"495","shah1","36","47","",""
"496","velorian","35","146","",""
"497","daddy","35","73","",""
"498","bthemouth","35","59","",""
"499","mcnft","35","58","",""
"500","izzzard","35","57","",""
"501","abracadabra","35","51","0xfbc33d3d27dbad62ef139410e5c6e4a61cd911dc",""
"502","jambert","35","51","",""
"503","fntxtz","35","50","0xf2204fd04a5417411411bff7840297547674ab4e",""
"504","ridboy1995","35","50","0xb0bff2cdba2403cd27da0c5f7fa7b8f22d1da5d1",""
"505","svan551","34","59","",""
"506","xola","34","55","",""
"507","g-dog","34","53","0xa583f2737ffadb0efe9f07096b885fb850519e23",""
"508","stevez48","34","53","",""
"509","rickpeak","34","52","",""
"510","posijour","34","50","",""
"511","aleks","34","48","0xedc3c920e6a9c0b2e35a4f8eadc6f852aaa5887f",""
"512","sousma01","34","47","",""
"513","chainvisionary","34","38","0x6df5d1ec0834438e15ff13414962399c9774ef98",""
"514","cindrathen","33","154","",""
"515","highway2hell","33","131","",""
"516","becks","33","62","0x2c4d804e3b5ccc546afa5543ecc8e0b3bb6fd377",""
"517","jkjustplay","33","52","",""
"518","mexicanote","33","51","",""
"519","bojozeph","33","48","0x86fe4bc2d9e4cf91ca207fc6da833ef505926bd0",""
"520","nurtle","33","47","",""
"521","erdinckk","33","46","0x0907b14771f2b04c5a4643e611d23f7e988bd35d",""
"522","marcodumitru","33","45","",""
"523","vanthelios","32","115","",""
"524","sarahu","32","53","",""
"525","roachkilla1746","32","47","0xe0dd93e8f6bbe7133642cde68f5235cd412ee448",""
"526","lucaroland.eth","32","46","",""
"527","unc","32","44","0x5436443ef83ae236ecece9b56065624808ef32cb",""
"528","rj007","32","38","",""
"529","sahirama","31","54","0x359842cd28b2cb58ee2f35a6abaf188367763eda",""
"530","node8","31","50","",""
"531","yushazaheer","31","47","",""
"532","vezunchyk","31","43","",""
"533","kostik2424","31","41","",""
"534","phewhe321","31","41","0x295bc2ef7aa8346c57a86da8f99fc7e73f1809f6",""
"535","sergiox","31","41","0x15434a35e00897252a16f9edc45147d92fc52725",""
"536","eldravor","30","141","",""
"537","dubcno","30","58","",""
"538","gilotine","30","52","",""
"539","utatu","30","50","0xf8bf530755ee7d6b3307ab1265fc22ad3a661ef7",""
"540","behelfgg","30","49","0xc4ab908e06ee8b3f147691915694e46778d9753d",""
"541","red84","30","47","",""
"542","mrgreenity","30","46","",""
"543","dr.crypto","30","41","",""
"544","rrr","30","41","",""
"545","lavistaloys","30","39","0x0c4035a3e67a9979ab28d0bbe2a921a190dc09a1",""
"546","salzero543","30","39","",""
"547","onchaintom","30","38","",""
"548","cruzoe","29","48","",""
"549","castore","29","43","",""
"550","flyers4eva","29","42","",""
"551","michigon","29","41","",""
"552","dja","29","39","0x232650dea5d673f9ab0e85328c7964b1737948e7",""
"553","kompakoto","29","39","",""
"554","0xkwoo","29","37","",""
"555","irdge","29","37","",""
"556","kairaveth","28","138","",""
"557","gabriel","28","44","0x099532f577a1e474a30d198551936c8a075efbe1",""
"558","cohn","28","42","",""
"559","feranrepom","28","42","",""
"560","wifey_mediocreceo","28","39","",""
"561","eldiablo","28","37","",""
"562","hoss","28","35","0x2d39da38fe64d43f8e2a62683dea0337eea992a9",""
"563","vaday05","28","32","",""
"564","acidman","27","42","",""
"565","vasek","27","37","",""
"566","miztik","27","36","0x6559128a83b9c93281a53038b8810db349d61527",""
"567","vcorona","27","36","",""
"568","moonhot","26","44","0xf34c4f6ba8fb10ab7830f8e97e854b992ffe8efa",""
"569","cubsfan333","25","54","",""
"570","brinkman","25","36","",""
"571","tasty","25","29","",""
"572","lyor","24","39","",""
"573","dim8765","24","38","",""
"574","beef","24","35","",""
"575","lapom","24","35","",""
"576","0xkwo","24","33","0x4971bcabd6641114ed880124bbdafa509293a0c7",""
"577","sario","24","33","",""
"578","chloeh","24","31","",""
"579","dimkat","24","31","",""
"580","alenahoney","24","29","",""
"581","masterkuni","24","29","",""
"582","yhnik","24","29","",""
"583","layzzi","24","28","",""
"584","bonk","23","45","",""
"585","dark","23","33","",""
"586","esteban011x","23","31","0x405ca6931d49bff3868fc0c0d751ba04e7ff0b3d",""
"587","nausicaa","23","31","0xe6c876d8d30c495df13ce9345ad96504d9d971a4",""
"588","gigio","23","29","",""
"589","leyba","23","28","",""
"590","ruabet","22","44","",""
"591","dewa","22","31","",""
"592","vladvamp","21","29","0x05518813709d67d802cdc4f56ef42964b5e42dbb",""
"593","yaroslav1e","21","28","",""
"594","sato","21","26","0xa3f3aaee4be7302bc37683fbd983ec30d0706b7f",""
"595","yura735","21","26","0x1c4ec58b06b4c4c06ed7a20a65d46a9f41a6cf11",""
"596","kit147","20","29","",""
"597","djeck","19","33","",""
"598","charlieparker","19","29","",""
"599","koma7syllvia","19","25","",""
"600","emhacko","18","32","",""
"601","scorpio","18","25","",""
"602","u_efu","18","25","",""
"603","rektt","18","23","",""
"604","katagawa","17","34","",""
"605","kokos","17","25","",""
"606","vova3134","17","24","",""
"607","joa","17","21","0xfef1e137da242a749ac64e7f6f90e5f09bd15f3b",""
"608","weirdtemuru","17","20","",""
"609","whemo","16","19","",""
"610","bubuens","16","17","0xbdea8a15fc168b6040d813e47fdb676ad4a5f7a6",""
"611","crystal","15","41","",""
"612","jawrrwiii","15","38","",""
"613","drcrypto","15","23","0x7e8184d0485d85b7f4de507aa006808b4ae99ca6",""
"614","orakul","15","21","",""
"615","donamir","14","79","",""
"616","ziga","14","39","",""
"617","lestari","14","21","0x84103432d0dd69762f2b9d376ac14d3a3a5f78cc",""
"618","yangtuo","14","20","",""
"619","bhristmas","14","19","",""
"620","rizalbee","13","15","",""
"621","ternapovich","12","26","",""
"622","playa","11","16","",""
"623","lofty86","11","11","",""
"624","celvarion","10","133","",""
"625","asta","10","22","",""
"626","lukaylo","10","12","",""
"627","tradenblaze","10","11","",""
"628","phobos","7","20","",""
"629","shounfodji","7","15","",""
"630","strellitzia","7","9","",""
"631","evgenii300188","4","6","",""
"632","vlad_dracyla","4","4","",""
"633","tukowka","3","30","0xaacf2fab7dbc8a647b23160552c558c676964910",""
"634","webguy","3","19","",""
"635","sumerjoy","2","37","",""
"636","erock","2","15","",""
"637","5aifnow6","2","4","0x4971bcabd6641114ed880124bbdafa509293a0c7",""
"638","bellapoarch","1","4","",""